# Blender 3.6.23
# www.blender.org
mtllib untitled.mtl
o Body.002
v -0.000000 1.347349 0.142093
v -0.000000 1.390745 -0.064454
v -0.000000 1.315207 -0.042884
v -0.000000 1.222933 -0.034469
v -0.000000 1.287977 0.139522
v -0.000000 1.216744 0.143298
v -0.000000 1.569765 -0.062205
v -0.000000 1.473151 -0.093726
v -0.153942 1.099841 -0.017994
v -0.088146 1.097752 -0.074453
v -0.149547 1.527099 0.061401
v -0.052407 1.525319 0.088696
v -0.156859 1.094424 0.115466
v -0.091222 1.095716 0.143641
v -0.071193 1.390371 -0.062425
v -0.111616 1.396981 -0.043876
v -0.157617 1.510974 -0.058077
v -0.168955 1.506527 0.055850
v -0.150188 1.409043 0.068820
v -0.121544 1.403696 -0.037410
v -0.066708 1.326392 -0.044506
v -0.081744 1.232941 -0.038061
v -0.108050 1.350823 -0.023360
v -0.123922 1.240833 0.002964
v -0.035355 1.556247 0.072014
v -0.058948 1.563464 0.035515
v -0.067441 1.567376 -0.037015
v -0.010715 1.568082 -0.062551
v -0.168382 1.538460 -0.002398
v -0.128778 1.386251 0.023135
v -0.163083 1.093776 0.051988
v -0.192357 1.510130 0.004274
v -0.132362 1.402731 0.024245
v -0.122672 1.235194 0.038878
v -0.125637 1.346321 0.023907
v -0.070238 1.567089 0.008396
v -0.129378 1.452420 -0.056680
v -0.097186 1.461652 -0.091712
v -0.158104 1.447610 0.079755
v -0.141453 1.450906 -0.058499
v -0.144555 1.451192 0.084825
v -0.120926 1.373183 0.097794
v -0.094188 1.359002 0.129596
v -0.069325 1.458478 0.108678
v -0.127100 1.329774 0.080561
v -0.087959 1.294883 0.115865
v -0.126742 1.234542 0.080974
v -0.075681 1.223591 0.112066
v -0.107063 0.960510 -0.101390
v -0.196952 0.969301 0.000633
v -0.178129 0.967474 0.098080
v -0.109203 0.949889 0.164841
v -0.000000 1.097497 0.152397
v -0.000000 1.100463 -0.085976
v -0.000000 0.943850 0.174418
v -0.000000 0.948618 -0.121973
v -0.000000 1.162206 -0.074803
v -0.000000 1.166593 0.147930
v -0.075330 1.171815 0.124241
v -0.129598 1.181101 0.095341
v -0.085954 1.167627 -0.065298
v -0.137920 1.181502 -0.007748
v -0.129246 1.182521 0.047684
v -0.115148 1.390298 -0.022758
v -0.142812 1.375426 0.065516
v -0.000000 1.554615 -0.085837
v -0.000000 1.532168 -0.093681
v -0.070444 1.548582 -0.071461
v -0.098291 1.523531 -0.091898
v -0.103215 1.537970 -0.050189
v -0.132515 1.509211 -0.059701
v -0.151446 1.516038 -0.058864
v -0.158149 1.532224 -0.040568
v -0.298272 1.325854 -0.054696
v -0.299324 1.320888 0.032397
v -0.209537 1.265212 -0.042769
v -0.203940 1.263048 0.047408
v -0.309497 1.326929 -0.007987
v -0.177682 1.252441 0.011850
v -0.255134 1.297833 -0.072202
v -0.265845 1.291970 0.056818
v -0.000000 1.566741 -0.088464
v -0.055743 1.540761 0.085166
v -0.084978 1.558506 0.042590
v -0.093520 1.567130 -0.049553
v -0.031834 1.565049 -0.082275
v -0.095468 1.560956 0.006637
v -0.000000 1.608899 -0.074863
v -0.000000 1.596769 -0.060804
v -0.000000 1.615912 -0.067268
v -0.000000 1.612900 -0.062368
v -0.048262 1.587921 0.083860
v -0.036958 1.578073 0.070506
v -0.038643 1.596696 0.073710
v -0.035314 1.593956 0.069962
v -0.054160 1.587458 0.034481
v -0.066666 1.600217 0.039359
v -0.053380 1.604428 0.034695
v -0.057571 1.607684 0.036350
v -0.075684 1.607145 -0.043710
v -0.062597 1.592220 -0.036263
v -0.065891 1.614244 -0.039688
v -0.061912 1.609912 -0.037174
v -0.009503 1.594151 -0.062386
v -0.016772 1.608466 -0.073337
v -0.009905 1.611816 -0.062815
v -0.012304 1.615021 -0.066567
v -0.079762 1.605818 0.007912
v -0.067053 1.590059 0.008366
v -0.069348 1.612928 0.007780
v -0.065434 1.608702 0.008028
v -0.190646 1.024624 0.056752
v -0.143906 1.363025 0.020288
v -0.165818 1.289470 0.018484
v -0.189715 1.297879 0.056989
v -0.162632 1.368818 0.066493
v -0.190741 1.397894 0.076896
v -0.237158 1.335175 0.069824
v -0.263385 1.367402 0.044464
v -0.211347 1.445211 0.050308
v -0.150229 1.366458 -0.045483
v -0.190632 1.315834 -0.056983
v -0.212938 1.442758 -0.059906
v -0.259995 1.380120 -0.061494
v -0.222247 1.346448 -0.075954
v -0.181515 1.406081 -0.067354
v -0.231401 1.451574 0.000728
v -0.274664 1.385868 -0.003443
v -0.087047 1.584888 0.006715
v -0.082745 1.585090 -0.045184
v -0.073539 1.577539 0.038605
v -0.021410 1.586523 -0.076145
v -0.000000 1.586475 -0.078100
v -0.050514 1.564431 0.082590
v -0.000000 1.545326 0.078256
v -0.027336 1.523562 0.092298
v -0.023031 1.457298 0.112876
v -0.000000 1.447345 0.126121
v -0.026047 1.525233 0.094865
v -0.034692 1.558643 0.075671
v -0.000000 1.449825 0.129264
v -0.000000 1.468741 0.124792
v -0.021530 1.459284 0.115484
v -0.000000 1.525670 0.096457
v -0.000000 1.547334 0.081006
v 0.153942 1.099841 -0.017994
v 0.088146 1.097752 -0.074453
v 0.149547 1.527098 0.061401
v 0.052407 1.525319 0.088696
v 0.156858 1.094424 0.115466
v 0.091221 1.095716 0.143641
v 0.071193 1.390371 -0.062425
v 0.111615 1.396981 -0.043876
v 0.157616 1.510973 -0.058077
v 0.168955 1.506526 0.055850
v 0.150188 1.409043 0.068820
v 0.121544 1.403696 -0.037410
v 0.066707 1.326392 -0.044506
v 0.081743 1.232941 -0.038061
v 0.108049 1.350823 -0.023360
v 0.123922 1.240833 0.002964
v 0.035354 1.556247 0.072014
v 0.058948 1.563464 0.035515
v 0.067440 1.567376 -0.037015
v 0.010715 1.568082 -0.062551
v 0.168381 1.538460 -0.002398
v 0.128778 1.386251 0.023135
v 0.163082 1.093776 0.051988
v 0.192357 1.510129 0.004274
v 0.132362 1.402731 0.024245
v 0.122671 1.235194 0.038878
v 0.125636 1.346321 0.023907
v 0.070238 1.567089 0.008396
v 0.129377 1.452420 -0.056680
v 0.097186 1.461652 -0.091712
v 0.158104 1.447609 0.079755
v 0.141452 1.450905 -0.058499
v 0.144554 1.451191 0.084825
v 0.120926 1.373183 0.097794
v 0.094188 1.359002 0.129596
v 0.069324 1.458479 0.108678
v 0.127100 1.329774 0.080561
v 0.087958 1.294883 0.115865
v 0.126741 1.234542 0.080974
v 0.075680 1.223591 0.112066
v 0.107063 0.960510 -0.101390
v 0.196951 0.969301 0.000633
v 0.178128 0.967475 0.098080
v 0.109203 0.949889 0.164841
v 0.075330 1.171815 0.124241
v 0.129598 1.181101 0.095341
v 0.085954 1.167627 -0.065298
v 0.137919 1.181502 -0.007748
v 0.129245 1.182521 0.047684
v 0.115147 1.390298 -0.022758
v 0.142812 1.375426 0.065516
v 0.070444 1.548581 -0.071461
v 0.098291 1.523531 -0.091898
v 0.103215 1.537969 -0.050189
v 0.132515 1.509210 -0.059701
v 0.151446 1.516037 -0.058864
v 0.158149 1.532223 -0.040568
v 0.298270 1.325853 -0.054696
v 0.299323 1.320886 0.032397
v 0.209535 1.265211 -0.042769
v 0.203939 1.263047 0.047408
v 0.309496 1.326927 -0.007987
v 0.177680 1.252441 0.011850
v 0.255133 1.297832 -0.072202
v 0.265844 1.291969 0.056818
v 0.055742 1.540761 0.085166
v 0.084978 1.558506 0.042590
v 0.093519 1.567130 -0.049553
v 0.031833 1.565049 -0.082275
v 0.095467 1.560956 0.006637
v 0.048262 1.587921 0.083860
v 0.036957 1.578073 0.070506
v 0.038642 1.596696 0.073710
v 0.035314 1.593956 0.069962
v 0.054159 1.587458 0.034481
v 0.066665 1.600217 0.039359
v 0.053379 1.604428 0.034695
v 0.057570 1.607684 0.036350
v 0.075684 1.607145 -0.043710
v 0.062597 1.592220 -0.036263
v 0.065890 1.614244 -0.039688
v 0.061911 1.609912 -0.037174
v 0.009502 1.594151 -0.062386
v 0.016771 1.608466 -0.073337
v 0.009905 1.611816 -0.062815
v 0.012303 1.615021 -0.066567
v 0.079761 1.605818 0.007912
v 0.067052 1.590059 0.008366
v 0.069348 1.612928 0.007780
v 0.065433 1.608702 0.008028
v 0.190645 1.024624 0.056752
v 0.143905 1.363024 0.020288
v 0.165817 1.289469 0.018484
v 0.189714 1.297878 0.056989
v 0.162631 1.368817 0.066493
v 0.190740 1.397893 0.076896
v 0.237157 1.335174 0.069824
v 0.263384 1.367401 0.044464
v 0.211346 1.445210 0.050308
v 0.150228 1.366458 -0.045483
v 0.190630 1.315833 -0.056983
v 0.212937 1.442757 -0.059906
v 0.259994 1.380119 -0.061494
v 0.222246 1.346447 -0.075954
v 0.181514 1.406080 -0.067354
v 0.231401 1.451573 0.000728
v 0.274663 1.385867 -0.003443
v 0.087046 1.584888 0.006715
v 0.082744 1.585090 -0.045184
v 0.073538 1.577539 0.038605
v 0.021410 1.586523 -0.076145
v 0.050514 1.564431 0.082590
v 0.027335 1.523562 0.092298
v 0.023030 1.457298 0.112876
v 0.026046 1.525234 0.094865
v 0.034692 1.558643 0.075671
v 0.021529 1.459284 0.115484
v 0.329881 1.268105 -0.026424
v 0.324468 1.257865 0.026325
v 0.292756 1.229365 -0.038015
v 0.294599 1.229528 0.022510
v 0.284565 1.221456 -0.004145
v 0.333199 1.268431 0.006120
v 0.288176 1.327138 -0.028303
v 0.280897 1.320981 0.031765
v 0.239316 1.285141 -0.038852
v 0.244004 1.291105 0.027723
v 0.292195 1.330355 0.009182
v 0.229937 1.280206 -0.000781
v 0.274358 1.344653 -0.029809
v 0.265860 1.339310 0.033242
v 0.222264 1.301861 -0.038796
v 0.228305 1.310145 0.029655
v 0.278282 1.348560 0.009700
v 0.212916 1.298171 0.000945
v 0.366141 1.148065 -0.039463
v 0.358113 1.141024 -0.005017
v 0.397169 1.181800 -0.027783
v 0.389192 1.171914 0.027225
v 0.397415 1.181603 0.006464
v 0.364357 1.146880 0.022952
v 0.510361 1.031806 -0.011825
v 0.504892 1.010324 0.054786
v 0.480719 1.011775 -0.026510
v 0.490053 0.995902 0.049313
v 0.476618 1.008697 0.015412
v 0.514614 1.031681 0.031907
v 0.398085 1.182853 -0.011628
v 0.291799 1.330081 -0.010693
v 0.332549 1.269528 -0.011252
v 0.278192 1.348030 -0.011269
v 0.512005 1.033077 0.009226
v 0.361292 1.143556 -0.024434
v 0.232245 1.280699 -0.021804
v 0.287223 1.223981 -0.023090
v 0.214840 1.297809 -0.020931
v 0.476788 1.009656 -0.011650
v 0.522325 1.012280 -0.015934
v 0.523688 0.994534 0.050306
v 0.492366 0.992364 -0.021627
v 0.503784 0.973436 0.045202
v 0.493359 0.989472 0.022705
v 0.529192 1.012382 0.032550
v 0.524889 1.015128 0.008121
v 0.489489 0.992053 -0.003086
v 0.320322 1.258303 -0.039474
v 0.275368 1.315852 -0.043429
v 0.260442 1.332732 -0.045331
v 0.389452 1.173138 -0.040885
v 0.502679 1.026407 -0.027332
v 0.511087 1.003235 -0.034138
v 0.551129 0.966260 -0.007691
v 0.548104 0.961585 -0.017209
v 0.535225 0.989064 -0.020169
v 0.538046 0.984896 0.049553
v 0.552788 0.972979 0.046985
v 0.514137 0.965098 -0.013025
v 0.535241 0.949710 -0.017782
v 0.533105 0.952291 -0.006213
v 0.540273 0.961162 0.047182
v 0.525806 0.972451 0.046301
v 0.533933 0.961516 0.028616
v 0.537103 0.962502 0.035642
v 0.518459 0.972149 0.030595
v 0.551358 0.975166 0.033612
v 0.551253 0.975761 0.027444
v 0.541482 0.995926 0.032853
v 0.538662 0.994806 0.009199
v 0.551256 0.974674 0.015225
v 0.551550 0.971529 0.006587
v 0.513206 0.967666 0.010938
v 0.530147 0.956504 0.008404
v 0.529464 0.958908 0.018376
v 0.527051 0.980616 -0.033895
v 0.546238 0.958642 -0.029419
v 0.488850 1.051045 -0.011001
v 0.481421 1.050391 0.028109
v 0.466376 1.032116 -0.023861
v 0.464052 1.030736 0.021622
v 0.461199 1.028710 0.000336
v 0.485820 1.050247 0.016141
v 0.487785 1.051262 0.002793
v 0.463535 1.030399 -0.013918
v 0.483846 1.046433 -0.020098
v 0.298939 1.295787 0.030299
v 0.260656 1.262414 -0.038775
v 0.251542 1.255508 -0.002027
v 0.264030 1.265261 0.026199
v 0.305157 1.304336 -0.027106
v 0.309182 1.306160 0.008537
v 0.270703 1.333761 0.032804
v 0.218087 1.292728 0.000167
v 0.227543 1.296681 -0.038924
v 0.232970 1.304274 0.028954
v 0.278849 1.339102 -0.029271
v 0.282718 1.342846 0.009511
v 0.330529 1.193566 -0.037295
v 0.332112 1.194325 0.019019
v 0.354625 1.217174 0.022626
v 0.324563 1.187616 -0.006084
v 0.361359 1.225993 0.003495
v 0.359284 1.225915 -0.026904
v 0.361065 1.227043 -0.012757
v 0.282561 1.342337 -0.011033
v 0.308502 1.306584 -0.010429
v 0.326564 1.189475 -0.023598
v 0.220212 1.292603 -0.021337
v 0.254115 1.257195 -0.022461
v 0.515813 1.023276 -0.013091
v 0.517885 1.024909 0.009229
v 0.522054 1.021577 0.033461
v 0.517211 0.999029 0.051466
v 0.484756 1.004371 -0.024662
v 0.481035 1.003158 -0.007643
v 0.493917 0.977053 0.046535
v 0.483176 1.001139 0.021659
v 0.382905 1.165913 -0.045083
v 0.265945 1.307572 -0.047679
v 0.293634 1.293478 -0.041501
v 0.312666 1.250143 -0.043786
v 0.250621 1.324489 -0.049252
v 0.265200 1.327372 -0.044773
v 0.351896 1.217610 -0.038858
v 0.496161 1.021959 -0.031631
v 0.503972 0.997796 -0.036026
v 0.505683 1.016101 -0.031737
v 0.540901 0.982035 -0.014111
v 0.546754 0.970570 -0.014440
v 0.540459 0.979109 -0.019192
v 0.521638 0.959722 -0.007519
v 0.524271 0.958552 -0.016826
v 0.532887 0.958054 -0.013424
v 0.524634 0.968044 0.028592
v 0.535716 0.968586 0.031773
v 0.529138 0.969080 0.034835
v 0.545957 0.988756 0.034323
v 0.549585 0.980512 0.029647
v 0.545621 0.990336 0.027000
v 0.543499 0.987022 0.003450
v 0.543780 0.988666 0.012803
v 0.548237 0.978756 0.008636
v 0.521249 0.964628 0.017592
v 0.520420 0.962478 0.008619
v 0.529878 0.964294 0.012686
v 0.545458 0.980314 0.048188
v 0.534132 0.968583 0.047445
v 0.540954 0.968526 0.029760
v 0.541391 0.969042 0.033495
v 0.539749 0.965692 0.013932
v 0.540264 0.964421 0.008698
v 0.541262 0.958194 -0.010623
v 0.539102 0.954359 -0.016441
v 0.535656 0.970661 -0.031300
v 0.537642 0.948727 -0.030697
v 0.521313 0.973185 -0.033303
v 0.528127 0.999521 -0.021933
v 0.532920 1.004617 0.008043
v 0.517841 0.989570 -0.035502
v 0.536721 1.003582 0.033178
v 0.532036 0.989565 0.049089
v 0.515812 0.976265 0.046325
v 0.500245 0.979417 0.004460
v 0.501044 0.977806 -0.016815
v 0.505521 0.980059 0.027051
v 0.477825 1.041379 -0.023712
v 0.442853 1.128977 -0.022416
v 0.442629 1.129006 -0.006650
v 0.504500 1.037439 -0.011080
v 0.504714 1.038393 0.006661
v 0.497901 1.032536 -0.023678
v 0.434633 1.119874 -0.034356
v 0.440221 1.126029 0.009914
v 0.429569 1.113175 0.027048
v 0.497370 1.031145 0.045040
v 0.479306 1.018707 0.037849
v 0.504490 1.038148 0.025284
v 0.404799 1.087718 0.021520
v 0.409788 1.093398 -0.035564
v 0.474168 1.016521 -0.013611
v 0.477769 1.018425 -0.025939
v 0.404935 1.088310 -0.022241
v 0.472734 1.015262 0.006766
v 0.400810 1.084520 -0.004429
v 0.491551 1.027900 -0.027791
v 0.511415 0.983157 -0.034106
v 0.284755 1.284940 -0.045988
v 0.255465 1.319150 -0.048839
v 0.345881 1.210776 -0.042722
v 0.426741 1.111622 -0.038515
v 0.498323 1.011659 -0.035319
v 0.542453 0.978667 -0.016031
v 0.525539 0.958789 -0.012768
v 0.528834 0.968555 0.031797
v 0.547388 0.988630 0.030139
v 0.545321 0.986491 0.008035
v 0.522410 0.963473 0.013450
v 0.543173 0.973966 0.030774
v 0.541384 0.970862 0.010640
v 0.541640 0.962153 -0.015361
v 0.530078 0.963035 -0.032024
v 0.575260 0.907930 0.036859
v 0.578110 0.902442 0.019057
v 0.523802 0.954768 0.090017
v 0.519674 0.949794 0.090472
v 0.521541 0.951995 0.077338
v 0.517520 0.946439 0.078299
v 0.525228 0.954029 0.080949
v 0.516531 0.946202 0.085924
v 0.588274 0.905377 0.045884
v 0.587841 0.903257 0.044415
v 0.574667 0.909189 0.044175
v 0.574187 0.910069 0.045946
v 0.588206 0.902012 0.036631
v 0.588730 0.903482 0.035681
v 0.580007 0.906069 0.034961
v 0.577749 0.906877 0.035856
v 0.579467 0.902381 0.025050
v 0.578931 0.903577 0.027484
v 0.591413 0.897170 0.024069
v 0.592312 0.898565 0.026899
v 0.590967 0.896753 0.018156
v 0.591540 0.897853 0.017604
v 0.585999 0.900015 0.026077
v 0.583984 0.901598 0.027905
v 0.583344 0.899331 0.016386
v 0.581872 0.899094 0.017928
v 0.584267 0.900687 -0.002999
v 0.585546 0.901793 -0.004170
v 0.574818 0.904855 -0.003933
v 0.577341 0.902615 -0.002513
v 0.586961 0.903797 0.004823
v 0.585776 0.901175 0.002976
v 0.577202 0.903688 0.003847
v 0.574638 0.906685 0.005555
v 0.581252 0.903050 0.004512
v 0.580645 0.904707 0.006537
v 0.580166 0.901775 -0.003730
v 0.579418 0.903266 -0.005879
v 0.579341 0.903389 -0.017253
v 0.580294 0.905080 -0.014363
v 0.569597 0.908305 -0.016142
v 0.573011 0.905240 -0.017667
v 0.579889 0.903913 -0.022283
v 0.579300 0.902934 -0.021194
v 0.576096 0.905907 -0.016172
v 0.574120 0.906563 -0.014766
v 0.573726 0.904435 -0.021783
v 0.570834 0.906029 -0.024421
v 0.521750 0.963408 0.075682
v 0.519820 0.975967 0.068692
v 0.519822 0.973313 0.063588
v 0.520546 0.960120 0.071878
v 0.508548 0.961170 0.077250
v 0.503607 0.969402 0.070886
v 0.511791 0.981849 0.071133
v 0.515370 0.968874 0.079574
v 0.514054 0.952380 0.069639
v 0.511314 0.960271 0.061548
v 0.503691 0.961606 0.065737
v 0.507838 0.954644 0.072940
v 0.555687 0.939614 0.047424
v 0.559159 0.940604 0.034113
v 0.561036 0.937502 0.028863
v 0.553947 0.936771 0.027605
v 0.560428 0.934539 0.014409
v 0.560744 0.930946 -0.007691
v 0.552193 0.934029 0.006577
v 0.554120 0.930155 -0.004947
v 0.560679 0.935349 0.007235
v 0.557424 0.930755 -0.015353
v 0.553175 0.930011 -0.016879
v 0.555086 0.928102 -0.027201
v 0.551983 0.934652 0.017908
v 0.553230 0.940035 0.036245
v 0.571917 0.935588 0.046764
v 0.566529 0.946941 0.046749
v 0.563532 0.940682 0.047649
v 0.569120 0.941413 0.046898
v 0.566310 0.946150 0.033989
v 0.571795 0.934695 0.034618
v 0.563237 0.940611 0.034613
v 0.568948 0.940530 0.034410
v 0.573651 0.932111 0.027259
v 0.568162 0.943438 0.027079
v 0.564991 0.937856 0.027581
v 0.570830 0.937784 0.027177
v 0.568813 0.941464 0.015789
v 0.573730 0.930614 0.016044
v 0.565462 0.935543 0.014461
v 0.571215 0.936013 0.015906
v 0.566720 0.937862 -0.005243
v 0.571283 0.928122 -0.004693
v 0.563994 0.931717 -0.007334
v 0.568970 0.932966 -0.004971
v 0.572730 0.930930 0.005851
v 0.568056 0.941324 0.006072
v 0.565028 0.935650 0.005820
v 0.570356 0.936098 0.006009
v 0.562037 0.935129 -0.026030
v 0.566979 0.925950 -0.024736
v 0.559377 0.929245 -0.026729
v 0.564474 0.930478 -0.025286
v 0.567888 0.927400 -0.015165
v 0.563085 0.936889 -0.015485
v 0.560198 0.931252 -0.015635
v 0.565455 0.932090 -0.015277
v -0.329880 1.268105 -0.026424
v -0.324468 1.257866 0.026325
v -0.292756 1.229365 -0.038015
v -0.294599 1.229529 0.022510
v -0.284565 1.221457 -0.004145
v -0.333199 1.268431 0.006120
v -0.288177 1.327139 -0.028303
v -0.280898 1.320982 0.031765
v -0.239317 1.285141 -0.038852
v -0.244004 1.291106 0.027723
v -0.292195 1.330355 0.009182
v -0.229937 1.280206 -0.000781
v -0.274359 1.344653 -0.029809
v -0.265861 1.339310 0.033242
v -0.222264 1.301862 -0.038797
v -0.228306 1.310146 0.029655
v -0.278282 1.348561 0.009700
v -0.212917 1.298172 0.000945
v -0.366141 1.148065 -0.039463
v -0.358113 1.141024 -0.005017
v -0.397169 1.181800 -0.027783
v -0.389192 1.171914 0.027225
v -0.397415 1.181603 0.006464
v -0.364357 1.146881 0.022952
v -0.510361 1.031806 -0.011825
v -0.504892 1.010325 0.054786
v -0.480719 1.011775 -0.026510
v -0.490053 0.995902 0.049313
v -0.476618 1.008698 0.015412
v -0.514614 1.031682 0.031907
v -0.398084 1.182854 -0.011628
v -0.291800 1.330081 -0.010693
v -0.332549 1.269529 -0.011252
v -0.278193 1.348031 -0.011269
v -0.512005 1.033078 0.009226
v -0.361292 1.143557 -0.024434
v -0.232246 1.280699 -0.021804
v -0.287223 1.223981 -0.023090
v -0.214840 1.297809 -0.020931
v -0.476788 1.009657 -0.011650
v -0.522325 1.012280 -0.015934
v -0.523688 0.994534 0.050306
v -0.492366 0.992364 -0.021627
v -0.503784 0.973437 0.045202
v -0.493359 0.989473 0.022705
v -0.529192 1.012383 0.032550
v -0.524889 1.015128 0.008121
v -0.489489 0.992053 -0.003086
v -0.320322 1.258303 -0.039474
v -0.275369 1.315852 -0.043429
v -0.260443 1.332732 -0.045331
v -0.389452 1.173138 -0.040885
v -0.502679 1.026407 -0.027332
v -0.511087 1.003236 -0.034138
v -0.551129 0.966260 -0.007691
v -0.548104 0.961585 -0.017209
v -0.535225 0.989064 -0.020169
v -0.538046 0.984896 0.049553
v -0.552788 0.972980 0.046985
v -0.514137 0.965098 -0.013025
v -0.535241 0.949710 -0.017782
v -0.533105 0.952291 -0.006213
v -0.540273 0.961163 0.047182
v -0.525806 0.972452 0.046301
v -0.533933 0.961516 0.028616
v -0.537103 0.962502 0.035642
v -0.518459 0.972150 0.030595
v -0.551358 0.975166 0.033612
v -0.551253 0.975762 0.027444
v -0.541482 0.995926 0.032853
v -0.538662 0.994806 0.009199
v -0.551256 0.974674 0.015225
v -0.551550 0.971529 0.006587
v -0.513206 0.967666 0.010938
v -0.530147 0.956504 0.008404
v -0.529464 0.958908 0.018376
v -0.527051 0.980617 -0.033895
v -0.546238 0.958642 -0.029419
v -0.488850 1.051046 -0.011001
v -0.481421 1.050392 0.028109
v -0.466376 1.032116 -0.023861
v -0.464052 1.030736 0.021622
v -0.461199 1.028710 0.000336
v -0.485820 1.050247 0.016141
v -0.487785 1.051263 0.002793
v -0.463535 1.030399 -0.013918
v -0.483846 1.046434 -0.020098
v -0.298939 1.295787 0.030299
v -0.260656 1.262414 -0.038775
v -0.251543 1.255508 -0.002028
v -0.264031 1.265261 0.026199
v -0.305158 1.304337 -0.027106
v -0.309182 1.306160 0.008537
v -0.270703 1.333761 0.032804
v -0.218087 1.292728 0.000167
v -0.227543 1.296682 -0.038924
v -0.232970 1.304274 0.028954
v -0.278850 1.339102 -0.029271
v -0.282719 1.342846 0.009511
v -0.330529 1.193566 -0.037295
v -0.332112 1.194325 0.019019
v -0.354625 1.217175 0.022626
v -0.324563 1.187617 -0.006084
v -0.361359 1.225993 0.003495
v -0.359284 1.225916 -0.026905
v -0.361065 1.227043 -0.012757
v -0.282562 1.342338 -0.011033
v -0.308503 1.306584 -0.010429
v -0.326564 1.189475 -0.023598
v -0.220213 1.292603 -0.021337
v -0.254115 1.257195 -0.022461
v -0.515813 1.023276 -0.013091
v -0.517885 1.024910 0.009229
v -0.522054 1.021577 0.033461
v -0.517211 0.999029 0.051466
v -0.484756 1.004371 -0.024662
v -0.481035 1.003159 -0.007643
v -0.493917 0.977053 0.046535
v -0.483176 1.001140 0.021659
v -0.382905 1.165914 -0.045083
v -0.265946 1.307572 -0.047679
v -0.293635 1.293478 -0.041501
v -0.312666 1.250143 -0.043786
v -0.250621 1.324489 -0.049252
v -0.265201 1.327372 -0.044773
v -0.351895 1.217610 -0.038858
v -0.496161 1.021960 -0.031631
v -0.503972 0.997797 -0.036027
v -0.505683 1.016102 -0.031737
v -0.540901 0.982035 -0.014111
v -0.546754 0.970571 -0.014440
v -0.540459 0.979110 -0.019192
v -0.521638 0.959722 -0.007519
v -0.524271 0.958552 -0.016826
v -0.532887 0.958054 -0.013424
v -0.524634 0.968045 0.028592
v -0.535716 0.968586 0.031773
v -0.529138 0.969080 0.034835
v -0.545957 0.988757 0.034323
v -0.549585 0.980512 0.029647
v -0.545621 0.990336 0.027000
v -0.543499 0.987022 0.003450
v -0.543780 0.988666 0.012803
v -0.548237 0.978756 0.008636
v -0.521249 0.964629 0.017592
v -0.520420 0.962478 0.008619
v -0.529878 0.964294 0.012686
v -0.545458 0.980315 0.048188
v -0.534132 0.968584 0.047445
v -0.540954 0.968527 0.029760
v -0.541391 0.969043 0.033495
v -0.539749 0.965692 0.013932
v -0.540264 0.964422 0.008698
v -0.541262 0.958194 -0.010623
v -0.539102 0.954360 -0.016441
v -0.535656 0.970661 -0.031300
v -0.537642 0.948728 -0.030697
v -0.521313 0.973186 -0.033303
v -0.528127 0.999521 -0.021933
v -0.532919 1.004618 0.008043
v -0.517841 0.989570 -0.035502
v -0.536720 1.003583 0.033178
v -0.532036 0.989566 0.049089
v -0.515812 0.976265 0.046325
v -0.500245 0.979418 0.004460
v -0.501044 0.977806 -0.016815
v -0.505521 0.980059 0.027051
v -0.477825 1.041379 -0.023712
v -0.442853 1.128977 -0.022416
v -0.442629 1.129006 -0.006650
v -0.504499 1.037440 -0.011080
v -0.504714 1.038394 0.006661
v -0.497901 1.032536 -0.023678
v -0.434633 1.119874 -0.034356
v -0.440221 1.126029 0.009914
v -0.429569 1.113176 0.027048
v -0.497370 1.031146 0.045040
v -0.479306 1.018708 0.037849
v -0.504490 1.038148 0.025284
v -0.404799 1.087718 0.021520
v -0.409787 1.093398 -0.035564
v -0.474168 1.016522 -0.013611
v -0.477769 1.018425 -0.025939
v -0.404935 1.088310 -0.022241
v -0.472734 1.015263 0.006765
v -0.400810 1.084521 -0.004429
v -0.491551 1.027900 -0.027791
v -0.511415 0.983158 -0.034106
v -0.284755 1.284941 -0.045988
v -0.255466 1.319150 -0.048839
v -0.345881 1.210777 -0.042722
v -0.426741 1.111622 -0.038515
v -0.498323 1.011659 -0.035319
v -0.542453 0.978667 -0.016031
v -0.525539 0.958789 -0.012768
v -0.528834 0.968555 0.031797
v -0.547388 0.988631 0.030139
v -0.545321 0.986491 0.008034
v -0.522410 0.963474 0.013450
v -0.543173 0.973967 0.030774
v -0.541384 0.970862 0.010640
v -0.541639 0.962154 -0.015361
v -0.530077 0.963035 -0.032024
v -0.575259 0.907930 0.036858
v -0.578109 0.902442 0.019057
v -0.523801 0.954769 0.090017
v -0.519674 0.949795 0.090472
v -0.521541 0.951996 0.077338
v -0.517520 0.946439 0.078299
v -0.525227 0.954029 0.080949
v -0.516531 0.946203 0.085924
v -0.588274 0.905378 0.045884
v -0.587841 0.903258 0.044415
v -0.574667 0.909189 0.044175
v -0.574187 0.910070 0.045945
v -0.588206 0.902012 0.036631
v -0.588730 0.903483 0.035681
v -0.580007 0.906069 0.034961
v -0.577749 0.906878 0.035856
v -0.579467 0.902381 0.025050
v -0.578931 0.903577 0.027484
v -0.591413 0.897171 0.024069
v -0.592312 0.898565 0.026899
v -0.590967 0.896753 0.018156
v -0.591540 0.897854 0.017604
v -0.585999 0.900016 0.026077
v -0.583984 0.901598 0.027905
v -0.583344 0.899331 0.016386
v -0.581871 0.899094 0.017928
v -0.584267 0.900687 -0.002999
v -0.585546 0.901793 -0.004170
v -0.574818 0.904855 -0.003933
v -0.577341 0.902615 -0.002513
v -0.586961 0.903797 0.004823
v -0.585775 0.901176 0.002976
v -0.577202 0.903688 0.003847
v -0.574638 0.906686 0.005555
v -0.581252 0.903051 0.004512
v -0.580645 0.904708 0.006537
v -0.580165 0.901775 -0.003730
v -0.579418 0.903267 -0.005879
v -0.579340 0.903389 -0.017253
v -0.580294 0.905081 -0.014363
v -0.569597 0.908305 -0.016142
v -0.573011 0.905240 -0.017667
v -0.579889 0.903913 -0.022283
v -0.579300 0.902934 -0.021194
v -0.576096 0.905907 -0.016172
v -0.574120 0.906563 -0.014766
v -0.573725 0.904436 -0.021783
v -0.570834 0.906030 -0.024421
v -0.521749 0.963408 0.075682
v -0.519820 0.975967 0.068692
v -0.519822 0.973314 0.063588
v -0.520546 0.960120 0.071878
v -0.508548 0.961170 0.077250
v -0.503607 0.969402 0.070886
v -0.511791 0.981850 0.071133
v -0.515370 0.968875 0.079574
v -0.514054 0.952381 0.069639
v -0.511314 0.960271 0.061548
v -0.503691 0.961607 0.065737
v -0.507838 0.954644 0.072940
v -0.555687 0.939614 0.047424
v -0.559158 0.940605 0.034112
v -0.561036 0.937502 0.028863
v -0.553947 0.936771 0.027605
v -0.560427 0.934539 0.014409
v -0.560744 0.930947 -0.007691
v -0.552192 0.934029 0.006577
v -0.554120 0.930155 -0.004947
v -0.560679 0.935349 0.007235
v -0.557423 0.930756 -0.015353
v -0.553175 0.930011 -0.016879
v -0.555086 0.928103 -0.027201
v -0.551983 0.934653 0.017908
v -0.553230 0.940035 0.036245
v -0.571917 0.935589 0.046764
v -0.566529 0.946941 0.046749
v -0.563532 0.940682 0.047649
v -0.569120 0.941414 0.046898
v -0.566310 0.946151 0.033989
v -0.571795 0.934695 0.034618
v -0.563237 0.940612 0.034613
v -0.568948 0.940530 0.034410
v -0.573651 0.932111 0.027258
v -0.568161 0.943438 0.027079
v -0.564990 0.937856 0.027581
v -0.570830 0.937785 0.027177
v -0.568813 0.941464 0.015789
v -0.573730 0.930614 0.016044
v -0.565462 0.935544 0.014461
v -0.571215 0.936013 0.015906
v -0.566720 0.937863 -0.005243
v -0.571283 0.928122 -0.004693
v -0.563994 0.931718 -0.007334
v -0.568970 0.932966 -0.004971
v -0.572729 0.930930 0.005851
v -0.568056 0.941325 0.006072
v -0.565027 0.935650 0.005820
v -0.570356 0.936098 0.006009
v -0.562037 0.935129 -0.026030
v -0.566979 0.925951 -0.024736
v -0.559377 0.929245 -0.026729
v -0.564474 0.930478 -0.025286
v -0.567888 0.927400 -0.015165
v -0.563085 0.936889 -0.015485
v -0.560197 0.931252 -0.015635
v -0.565455 0.932090 -0.015277
v 0.127387 0.362452 -0.030438
v 0.069096 0.362409 -0.031753
v 0.163450 0.354540 0.054694
v 0.163450 0.356598 0.034274
v 0.031206 0.358927 0.002510
v 0.034355 0.356415 0.076989
v 0.070017 0.358598 0.101076
v 0.120662 0.357764 0.100828
v 0.163450 0.359002 0.015363
v 0.062247 0.565160 -0.048655
v 0.121331 0.565363 -0.047513
v 0.163400 0.562942 0.009797
v 0.021990 0.563137 -0.004961
v 0.163405 0.558542 0.031622
v 0.163450 0.113484 0.067427
v 0.145674 0.116158 0.084776
v 0.121339 0.119861 0.113712
v 0.119050 0.124107 0.088252
v 0.072727 0.121511 0.118992
v 0.080112 0.125847 0.089486
v 0.073005 0.116748 -0.031332
v 0.078928 0.125478 -0.005928
v 0.137652 0.117737 -0.029929
v 0.131116 0.125990 -0.004879
v 0.163450 0.115001 0.016599
v 0.153727 0.121061 0.020574
v 0.032441 0.113667 0.102959
v 0.060666 0.114630 0.087509
v 0.027914 0.112731 0.003117
v 0.051776 0.120071 0.011258
v 0.163450 0.113895 0.041184
v 0.149254 0.120224 0.038993
v 0.030767 0.357713 0.039611
v 0.022082 0.561520 0.036107
v 0.028006 0.110452 0.051440
v 0.056221 0.117351 0.049383
v 0.163353 0.726694 0.056522
v 0.123468 0.724805 0.114772
v 0.061156 0.724753 0.117111
v 0.059381 0.727009 -0.052694
v 0.121455 0.727175 -0.049781
v 0.163455 0.727419 0.009921
v 0.024288 0.726085 0.080908
v 0.019460 0.727449 -0.005118
v 0.163756 0.727004 0.031958
v 0.019924 0.726234 0.038121
v 0.159736 0.935929 0.066192
v 0.120040 0.935929 0.110627
v 0.066259 0.935929 0.123064
v 0.054597 0.935929 -0.076238
v 0.115719 0.935929 -0.055164
v 0.162197 0.935929 0.008598
v 0.024825 0.935929 0.110775
v 0.016425 0.935929 -0.073421
v 0.165345 0.935929 0.038087
v 0.011354 0.935929 0.031812
v 0.162997 1.038064 0.056806
v 0.109465 1.038064 0.109363
v 0.048092 1.038064 0.114976
v 0.044205 1.038064 -0.068607
v 0.100583 1.038064 -0.049547
v 0.163164 1.038064 0.010178
v 0.015296 1.038064 0.115298
v 0.010517 1.038064 -0.076791
v 0.163450 1.038064 0.034975
v 0.000074 0.935929 0.107688
v -0.000010 0.935929 -0.070654
v 0.000215 0.935929 0.027648
v -0.000012 1.038064 0.115328
v -0.000039 1.038064 -0.077457
v -0.127465 0.362452 -0.030438
v -0.069173 0.362409 -0.031753
v -0.163528 0.354540 0.054694
v -0.163528 0.356598 0.034274
v -0.031284 0.358927 0.002510
v -0.034432 0.356415 0.076989
v -0.070095 0.358598 0.101076
v -0.120740 0.357765 0.100828
v -0.163528 0.359002 0.015363
v -0.062325 0.565160 -0.048655
v -0.121408 0.565363 -0.047513
v -0.163478 0.562942 0.009797
v -0.022068 0.563137 -0.004961
v -0.163482 0.558542 0.031622
v -0.163528 0.113484 0.067427
v -0.145752 0.116158 0.084776
v -0.121417 0.119861 0.113712
v -0.119127 0.124107 0.088252
v -0.072804 0.121511 0.118992
v -0.080190 0.125847 0.089486
v -0.073083 0.116748 -0.031332
v -0.079006 0.125478 -0.005928
v -0.137730 0.117737 -0.029929
v -0.131194 0.125991 -0.004879
v -0.163528 0.115001 0.016599
v -0.153805 0.121061 0.020574
v -0.032519 0.113668 0.102959
v -0.060743 0.114630 0.087509
v -0.027992 0.112731 0.003117
v -0.051853 0.120072 0.011258
v -0.163528 0.113895 0.041184
v -0.149332 0.120224 0.038993
v -0.030844 0.357713 0.039611
v -0.022160 0.561520 0.036107
v -0.028084 0.110452 0.051440
v -0.056298 0.117351 0.049383
v -0.163415 0.726677 0.056486
v -0.123519 0.724906 0.114823
v -0.061348 0.724690 0.116843
v -0.059459 0.727009 -0.052694
v -0.121533 0.727175 -0.049781
v -0.163533 0.727419 0.009921
v -0.024519 0.726042 0.080849
v -0.019537 0.727449 -0.005118
v -0.163832 0.727001 0.031960
v -0.020013 0.726251 0.038119
v -0.159953 0.935929 0.066327
v -0.121341 0.935929 0.111428
v -0.067972 0.935929 0.121621
v -0.054707 0.935929 -0.077250
v -0.115791 0.935929 -0.055168
v -0.162138 0.935929 0.008484
v -0.024580 0.935929 0.109971
v -0.016617 0.935929 -0.072813
v -0.165044 0.935929 0.038074
v -0.011661 0.935929 0.032775
v -0.163071 1.038064 0.056775
v -0.109573 1.038064 0.109343
v -0.048187 1.038064 0.114975
v -0.044283 1.038064 -0.068607
v -0.100660 1.038064 -0.049547
v -0.163242 1.038064 0.010178
v -0.015360 1.038064 0.115301
v -0.010590 1.038064 -0.076792
v -0.163528 1.038064 0.034975
v -0.036732 0.877813 0.104434
v -0.033872 0.796723 0.098080
v -0.073877 0.798147 0.122294
v -0.077609 0.877747 0.122218
v -0.009036 0.877941 -0.054463
v -0.018259 0.795870 -0.013830
v -0.018357 0.791468 0.047217
v -0.015328 0.877858 0.047690
v -0.119018 0.877716 -0.061671
v -0.120561 0.793845 -0.051271
v -0.058289 0.793257 -0.054871
v -0.050824 0.877700 -0.073142
v -0.124381 0.877693 0.107754
v -0.124278 0.798570 0.111836
v -0.160970 0.797512 0.068981
v -0.158740 0.877695 0.071246
v -0.161177 0.877679 0.006432
v -0.162038 0.796020 0.009245
v -0.165669 0.877677 0.039496
v -0.165914 0.796976 0.037648
v 0.034107 0.796559 0.097700
v 0.037243 0.877831 0.103917
v 0.076001 0.877752 0.125198
v 0.072611 0.798565 0.123139
v 0.018105 0.795814 -0.013855
v 0.008936 0.877940 -0.054474
v 0.016052 0.877863 0.046660
v 0.018385 0.791426 0.047110
v 0.120483 0.793845 -0.051271
v 0.118933 0.877716 -0.061677
v 0.050728 0.877694 -0.073151
v 0.058205 0.793231 -0.054873
v 0.123930 0.798732 0.112893
v 0.124533 0.877690 0.110804
v 0.158773 0.877701 0.071921
v 0.160870 0.797522 0.069060
v 0.161955 0.796011 0.009244
v 0.160881 0.877680 0.006398
v 0.165857 0.796988 0.037676
v 0.166075 0.877678 0.039948
v -0.031127 1.549989 0.064157
v -0.055381 1.558535 0.037701
v -0.057422 1.568877 -0.032055
v -0.022169 1.566587 -0.055528
v -0.059031 1.569893 0.011216
v -0.000039 1.533318 0.086120
v 0.031042 1.549987 0.064144
v 0.055278 1.558539 0.037685
v 0.057304 1.568887 -0.032053
v 0.022078 1.566584 -0.055539
v 0.058919 1.569907 0.011211
v 0.028017 1.668760 0.046524
v 0.038847 1.668760 0.032558
v 0.037041 1.668760 -0.030246
v 0.027874 1.668760 -0.040948
v -0.000045 1.668760 0.045445
v -0.028107 1.668760 0.046524
v -0.040717 1.668760 0.032524
v -0.037537 1.668760 -0.030095
v -0.028082 1.668760 -0.040948
v 0.022972 1.576169 0.052936
v 0.038279 1.580076 0.038693
v 0.047899 1.584182 -0.030909
v 0.035140 1.584618 -0.041189
v -0.000072 1.572926 0.063159
v -0.000072 1.584744 -0.046809
v -0.023116 1.576169 0.052936
v -0.038423 1.580076 0.038693
v -0.048043 1.584180 -0.030909
v -0.035284 1.584617 -0.041189
v 0.043089 1.583213 0.003115
v 0.037944 1.668760 0.001156
v -0.039127 1.668760 0.001214
v -0.043233 1.583211 0.003115
v -0.000055 1.568086 -0.058060
v 0.163342 0.606293 0.054235
v 0.163445 0.501886 0.054371
v 0.163405 0.558540 0.031630
v 0.163389 0.572393 0.054283
v 0.163425 0.537138 0.054328
v 0.123125 0.607609 0.112751
v 0.122505 0.503306 0.108876
v 0.123055 0.575490 0.111878
v 0.122828 0.536814 0.110460
v 0.059354 0.609138 0.112369
v 0.062908 0.504829 0.108587
v 0.060189 0.577074 0.111468
v 0.061490 0.538383 0.110084
v 0.027319 0.505869 0.077010
v 0.024017 0.610359 0.076742
v 0.022083 0.561519 0.036115
v 0.026220 0.541220 0.076925
v 0.025119 0.576535 0.076835
v -0.163523 0.501886 0.054371
v -0.163420 0.606293 0.054235
v -0.163482 0.558540 0.031630
v -0.163502 0.537137 0.054328
v -0.163467 0.572393 0.054283
v -0.122583 0.503306 0.108876
v -0.123203 0.607609 0.112751
v -0.122906 0.536814 0.110460
v -0.123132 0.575490 0.111878
v -0.062986 0.504829 0.108587
v -0.059432 0.609138 0.112369
v -0.061568 0.538383 0.110084
v -0.060266 0.577074 0.111468
v -0.024095 0.610359 0.076742
v -0.027396 0.505869 0.077010
v -0.022160 0.561519 0.036115
v -0.025197 0.576535 0.076835
v -0.026298 0.541220 0.076925
v 0.193362 0.130842 0.062015
v 0.193433 0.170148 0.053914
v 0.175899 0.143881 0.054540
v 0.180699 0.157888 0.050415
v 0.192577 0.126345 0.028079
v 0.193518 0.164652 0.021421
v 0.189495 0.141546 0.024530
v 0.180654 0.153275 0.022355
v 0.136448 0.179726 0.113869
v 0.135046 0.140157 0.124104
v 0.131830 0.166046 0.101893
v 0.120742 0.152927 0.112884
v 0.081776 0.173765 0.099169
v 0.079883 0.139066 0.118956
v 0.073580 0.166085 0.102904
v 0.077389 0.152736 0.114381
v 0.026659 0.134580 0.095374
v 0.032210 0.169385 0.075162
v 0.028219 0.148531 0.091804
v 0.030753 0.162359 0.082607
v 0.064335 0.114886 -0.064402
v 0.064014 0.147796 -0.073589
v 0.065981 0.127850 -0.065360
v 0.069964 0.139438 -0.058680
v 0.006259 0.117551 -0.020369
v 0.007807 0.155312 -0.028287
v 0.011197 0.132877 -0.022646
v 0.021594 0.145369 -0.020149
v 0.152458 0.148703 -0.071826
v 0.151251 0.115989 -0.062675
v 0.145611 0.140244 -0.057179
v 0.150176 0.128819 -0.063691
v 0.193595 0.160044 -0.009374
v 0.191774 0.123052 -0.003555
v 0.180604 0.149461 -0.004177
v 0.189145 0.137713 -0.005460
v 0.009451 0.164947 0.031205
v 0.005641 0.124973 0.039563
v 0.022788 0.153382 0.030963
v 0.011783 0.141112 0.034736
v -0.193511 0.170149 0.053914
v -0.193440 0.130843 0.062015
v -0.180776 0.157889 0.050415
v -0.175976 0.143881 0.054540
v -0.193595 0.164652 0.021421
v -0.192655 0.126345 0.028079
v -0.180732 0.153275 0.022355
v -0.189572 0.141546 0.024530
v -0.135124 0.140157 0.124104
v -0.136525 0.179726 0.113869
v -0.120820 0.152927 0.112884
v -0.131908 0.166046 0.101893
v -0.079960 0.139066 0.118956
v -0.081854 0.173766 0.099169
v -0.077467 0.152736 0.114381
v -0.073658 0.166085 0.102904
v -0.032288 0.169385 0.075162
v -0.026737 0.134580 0.095374
v -0.030830 0.162360 0.082607
v -0.028297 0.148532 0.091804
v -0.064091 0.147796 -0.073589
v -0.064412 0.114886 -0.064402
v -0.070042 0.139438 -0.058680
v -0.066059 0.127851 -0.065360
v -0.007885 0.155312 -0.028287
v -0.006337 0.117552 -0.020369
v -0.021671 0.145369 -0.020149
v -0.011275 0.132878 -0.022646
v -0.151328 0.115989 -0.062675
v -0.152535 0.148703 -0.071826
v -0.150253 0.128819 -0.063691
v -0.145689 0.140244 -0.057179
v -0.191851 0.123052 -0.003555
v -0.193673 0.160044 -0.009374
v -0.189223 0.137713 -0.005460
v -0.180682 0.149461 -0.004177
v -0.005719 0.124973 0.039563
v -0.009529 0.164947 0.031205
v -0.011861 0.141112 0.034736
v -0.022866 0.153382 0.030963
v 0.154372 0.000298 0.230651
v 0.119587 0.000298 0.262475
v 0.068107 0.000298 0.264190
v 0.037334 0.000298 0.237420
v 0.038923 0.000298 -0.009612
v 0.039503 0.000298 0.061393
v 0.157692 0.000298 0.009022
v 0.131555 0.000298 -0.027684
v 0.071681 0.000298 -0.028128
v 0.069335 0.000298 0.068872
v 0.119672 0.000298 0.067089
v 0.157800 0.000298 0.059002
v -0.154450 0.000299 0.230651
v -0.119664 0.000299 0.262475
v -0.068185 0.000299 0.264190
v -0.037412 0.000299 0.237420
v -0.039001 0.000299 -0.009612
v -0.039581 0.000299 0.061393
v -0.157769 0.000299 0.009022
v -0.131633 0.000299 -0.027684
v -0.071758 0.000299 -0.028128
v -0.069412 0.000299 0.068872
v -0.119750 0.000299 0.067089
v -0.157878 0.000299 0.059002
v -0.070896 0.082399 0.058285
v -0.052622 0.079180 0.053470
v -0.118076 0.085049 0.056750
v -0.052187 0.085659 -0.001090
v -0.075163 0.084368 -0.014553
v -0.144652 0.084224 0.014960
v -0.131633 0.084355 -0.027305
v -0.144728 0.079106 0.050731
v 0.070819 0.082399 0.058285
v 0.052544 0.079180 0.053470
v 0.117998 0.085048 0.056750
v 0.052109 0.085658 -0.001090
v 0.075086 0.084368 -0.014553
v 0.124759 0.084464 -0.014119
v 0.144575 0.084224 0.014960
v 0.144650 0.079106 0.050731
v -0.119750 0.084703 0.069834
v -0.069408 0.082048 0.071472
v 0.069330 0.082048 0.071472
v 0.119672 0.084703 0.069834
v -0.071758 0.084433 -0.027749
v -0.124837 0.084464 -0.014119
v -0.157769 0.084233 0.010423
v -0.039001 0.085800 -0.009039
v -0.039581 0.057470 0.063614
v 0.071681 0.084433 -0.027749
v 0.038923 0.085800 -0.009039
v -0.157878 0.057247 0.061223
v 0.039503 0.057470 0.063614
v 0.157692 0.084233 0.010423
v 0.131555 0.084355 -0.027305
v 0.157800 0.057247 0.061223
v -0.124837 0.150093 -0.013935
v -0.118076 0.149748 0.054496
v -0.075163 0.150221 -0.014303
v -0.070896 0.149805 0.056020
v 0.070819 0.149804 0.056020
v 0.075085 0.150221 -0.014302
v 0.117998 0.149748 0.054496
v 0.124759 0.150093 -0.013935
v -0.144652 0.150500 0.013855
v -0.052187 0.150759 -0.001317
v -0.052622 0.150657 0.051205
v 0.052109 0.150759 -0.001317
v -0.144728 0.150502 0.048466
v 0.052544 0.150656 0.051205
v 0.144575 0.150500 0.013855
v 0.144650 0.150501 0.048466
v -0.037412 0.012863 0.237649
v -0.038665 0.046420 0.202615
v -0.037530 0.036495 0.226687
v -0.068567 0.065372 0.219532
v -0.068171 0.035834 0.262855
v -0.068287 0.055954 0.246714
v -0.120523 0.068663 0.217881
v -0.119664 0.039298 0.261191
v -0.119916 0.059357 0.245068
v -0.154014 0.047335 0.195792
v -0.154288 0.013441 0.230818
v -0.154864 0.038096 0.221111
v 0.038588 0.046420 0.202615
v 0.037334 0.012863 0.237649
v 0.037452 0.036494 0.226687
v 0.068094 0.035833 0.262855
v 0.068490 0.065371 0.219532
v 0.068210 0.055953 0.246714
v 0.120445 0.068662 0.217881
v 0.119587 0.039298 0.261191
v 0.119839 0.059357 0.245068
v 0.154210 0.013441 0.230818
v 0.153936 0.047335 0.195792
v 0.154787 0.038096 0.221111
v -0.151327 0.000299 0.113040
v -0.149717 0.000299 0.173408
v -0.147945 0.000299 0.143221
v -0.150323 0.045192 0.173405
v -0.151302 0.047562 0.113541
v -0.147951 0.045426 0.143219
v -0.116081 0.000299 0.113032
v -0.114299 0.000299 0.173412
v -0.114244 0.000299 0.143222
v -0.042689 0.000299 0.173416
v -0.043376 0.000299 0.113053
v -0.045418 0.000299 0.143224
v -0.069654 0.000299 0.173414
v -0.070588 0.000299 0.113032
v -0.071257 0.000299 0.143223
v -0.043396 0.046040 0.113636
v -0.042682 0.043681 0.173418
v -0.045424 0.043013 0.143225
v -0.070085 0.064027 0.173382
v -0.070582 0.066605 0.113959
v -0.071266 0.060733 0.143222
v -0.116093 0.069168 0.113883
v -0.116552 0.067063 0.173302
v -0.114267 0.063685 0.143221
v 0.151249 0.000298 0.113040
v 0.149639 0.000298 0.173408
v 0.147867 0.000298 0.143221
v 0.114221 0.000298 0.173412
v 0.116004 0.000298 0.113032
v 0.114166 0.000298 0.143222
v 0.070510 0.000298 0.113032
v 0.069577 0.000298 0.173414
v 0.071180 0.000298 0.143223
v 0.042612 0.000298 0.173416
v 0.043299 0.000298 0.113053
v 0.045341 0.000298 0.143224
v 0.151224 0.047562 0.113541
v 0.150245 0.045192 0.173405
v 0.147873 0.045426 0.143219
v 0.116474 0.067063 0.173302
v 0.116015 0.069168 0.113883
v 0.114189 0.063685 0.143221
v 0.043319 0.046039 0.113636
v 0.042604 0.043681 0.173418
v 0.045346 0.043012 0.143225
v 0.070008 0.064027 0.173382
v 0.070505 0.066604 0.113959
v 0.071188 0.060733 0.143222
v -0.000104 1.668760 -0.040948
vn -0.8705 0.2586 -0.4187
vn -0.8498 0.1085 -0.5158
vn -0.2885 0.1623 -0.9436
vn -0.3662 0.2929 -0.8832
vn -0.9560 0.2907 0.0394
vn -0.7488 0.2361 0.6194
vn -0.7692 0.3138 0.5566
vn -0.9672 0.2521 0.0320
vn -0.3271 0.0704 0.9424
vn -0.4346 -0.0943 0.8957
vn -0.0000 -0.0847 0.9964
vn -0.0000 0.0815 0.9967
vn -0.1831 -0.3513 -0.9182
vn -0.2474 -0.1556 -0.9563
vn -0.8098 -0.0898 -0.5799
vn -0.5418 -0.3790 -0.7502
vn -0.4470 0.8943 0.0211
vn -0.4552 0.8904 0.0021
vn -0.3694 0.6438 0.6701
vn -0.4037 0.7987 0.4462
vn -0.2956 0.2190 -0.9299
vn -0.2119 -0.2252 -0.9510
vn -0.5210 -0.2371 -0.8200
vn -0.5262 0.2965 -0.7970
vn -0.2394 0.4594 0.8554
vn -0.3914 0.6790 0.6210
vn -0.0000 -0.3216 -0.9469
vn -0.0000 -0.1620 -0.9868
vn -0.3071 0.1737 0.9357
vn -0.3227 0.2235 0.9198
vn -0.0000 -0.1966 -0.9805
vn -0.2529 0.2434 0.9364
vn -0.4088 0.2076 0.8887
vn -0.6435 -0.0114 0.7654
vn -0.9228 -0.1098 0.3694
vn -0.0000 0.1638 -0.9865
vn -0.8101 0.5855 -0.0291
vn -0.6590 0.4361 0.6128
vn -0.3930 0.0958 0.9146
vn -0.1171 -0.4079 0.9055
vn -0.9359 -0.2156 -0.2786
vn 0.6948 -0.7158 0.0697
vn 0.5459 -0.5091 -0.6655
vn -0.9308 -0.2243 -0.2885
vn 0.9073 -0.4040 -0.1166
vn 0.6133 -0.3457 -0.7102
vn 0.6935 -0.3369 -0.6368
vn 0.9159 -0.4010 -0.0186
vn -0.9843 -0.0567 -0.1671
vn -0.9760 -0.2178 -0.0068
vn -0.0000 0.1817 -0.9833
vn -0.0000 0.3208 -0.9472
vn -0.8888 0.0407 0.4566
vn -0.9967 0.0447 -0.0676
vn -0.8372 0.2413 -0.4909
vn -0.0000 0.0477 0.9989
vn -0.4256 0.0513 0.9034
vn -0.0000 0.1661 0.9861
vn -0.0000 0.1742 0.9847
vn 0.1411 -0.0585 -0.9883
vn -0.5230 0.4099 -0.7473
vn -0.4268 0.4011 -0.8105
vn -0.4083 0.8300 -0.3801
vn -0.4669 0.7769 -0.4225
vn -0.3407 0.8649 -0.3686
vn -0.0000 0.8066 -0.5911
vn -0.3914 0.6790 0.6211
vn -0.1363 0.6067 0.7831
vn 0.0001 0.6471 0.7624
vn -0.9598 0.2765 0.0482
vn -0.7180 0.1307 0.6836
vn -0.4519 0.2017 -0.8690
vn -0.4396 0.2121 -0.8728
vn -0.8063 0.2264 -0.5465
vn -0.2830 0.1297 0.9503
vn -0.0000 0.2079 -0.9782
vn -0.0000 0.2221 -0.9750
vn -0.0000 0.1480 0.9890
vn 0.0001 0.7162 -0.6979
vn -0.0000 0.6580 -0.7530
vn -0.3029 0.7574 -0.5784
vn -0.3400 0.6064 -0.7188
vn -0.0000 0.2163 0.9763
vn -0.1557 0.2314 0.9603
vn -0.1968 0.3157 0.9282
vn -0.2674 -0.0791 0.9603
vn -0.2345 -0.0030 0.9721
vn -0.6869 0.3785 0.6204
vn -0.7159 0.3467 0.6060
vn 0.3008 -0.3532 0.8859
vn 0.4374 -0.3113 0.8437
vn -0.2314 0.0807 0.9695
vn -0.6675 0.4019 0.6268
vn -0.6499 0.3708 -0.6634
vn -0.8478 0.5298 0.0222
vn -0.8362 0.5475 0.0305
vn -0.6099 0.4179 -0.6733
vn -0.0114 -0.1040 -0.9945
vn 0.0720 -0.0371 -0.9967
vn 0.1721 -0.0047 -0.9851
vn 0.7568 -0.3462 -0.5545
vn -0.3625 0.0236 -0.9317
vn -0.0000 -0.0049 -1.0000
vn -0.7921 0.3337 -0.5111
vn -0.6807 0.4856 -0.5485
vn -0.8912 0.4352 0.1281
vn -0.8973 0.4080 0.1683
vn -0.7785 0.3938 0.4886
vn -0.8438 0.2885 0.4524
vn -0.2487 0.3914 -0.8860
vn -0.3444 0.4206 -0.8394
vn -0.9847 0.1241 0.1222
vn -0.7697 0.0776 -0.6337
vn -0.8821 0.0971 0.4609
vn -0.7296 0.3729 0.5733
vn -0.8009 0.2666 0.5362
vn -0.8746 0.0770 0.4787
vn -0.7710 0.5692 0.2855
vn -0.7378 0.5068 0.4459
vn -0.6051 0.6509 0.4584
vn -0.7317 0.6115 0.3011
vn -0.3296 -0.9421 -0.0612
vn -0.4872 -0.8467 0.2138
vn -0.9850 -0.1404 0.0999
vn -0.9044 -0.1590 0.3959
vn -0.7639 0.3993 0.5069
vn -0.4488 0.6758 0.5847
vn -0.4061 -0.9138 0.0086
vn -0.9015 -0.1754 0.3957
vn -0.5397 0.7969 -0.2713
vn -0.6615 0.6458 -0.3814
vn -0.5098 -0.8198 -0.2609
vn -0.7706 -0.2067 -0.6029
vn -0.0703 0.5706 -0.8182
vn -0.2202 0.5866 -0.7794
vn -0.2912 0.4902 -0.8215
vn -0.2243 0.4581 -0.8601
vn -0.0901 -0.9032 -0.4196
vn -0.2709 -0.9073 -0.3215
vn -0.0000 -0.2769 -0.9609
vn -0.3587 -0.2298 -0.9047
vn -0.0193 0.2795 -0.9600
vn -0.0000 0.4046 -0.9145
vn -0.8218 0.5697 -0.0026
vn -0.5450 0.4474 -0.7091
vn 0.5660 -0.2764 0.7767
vn 0.9125 -0.3996 0.0875
vn -0.2901 0.3915 0.8732
vn -0.0000 -0.0222 0.9998
vn -0.3969 0.2775 0.8749
vn -0.0000 0.4276 0.9040
vn -0.0000 0.3459 0.9383
vn 0.8705 0.2588 -0.4187
vn 0.3662 0.2929 -0.8832
vn 0.2885 0.1623 -0.9436
vn 0.8498 0.1084 -0.5157
vn 0.9560 0.2907 0.0394
vn 0.9672 0.2521 0.0320
vn 0.7692 0.3138 0.5566
vn 0.7487 0.2362 0.6194
vn 0.3271 0.0704 0.9424
vn 0.4346 -0.0943 0.8957
vn 0.1831 -0.3513 -0.9182
vn 0.5418 -0.3790 -0.7502
vn 0.8098 -0.0898 -0.5799
vn 0.2474 -0.1556 -0.9563
vn 0.4471 0.8943 0.0211
vn 0.4036 0.7987 0.4462
vn 0.3694 0.6438 0.6701
vn 0.4552 0.8904 0.0021
vn 0.2956 0.2190 -0.9299
vn 0.5262 0.2965 -0.7970
vn 0.5210 -0.2371 -0.8200
vn 0.2119 -0.2252 -0.9510
vn 0.3914 0.6790 0.6210
vn 0.2394 0.4594 0.8554
vn 0.3071 0.1737 0.9357
vn 0.3227 0.2235 0.9198
vn 0.2529 0.2434 0.9364
vn 0.6435 -0.0114 0.7654
vn 0.4088 0.2076 0.8887
vn 0.9228 -0.1099 0.3694
vn 0.6590 0.4361 0.6127
vn 0.8101 0.5855 -0.0291
vn 0.1171 -0.4079 0.9055
vn 0.3930 0.0958 0.9146
vn 0.9359 -0.2156 -0.2786
vn 0.9308 -0.2243 -0.2885
vn -0.5459 -0.5091 -0.6655
vn -0.6944 -0.7160 0.0714
vn -0.9073 -0.4040 -0.1166
vn -0.9159 -0.4010 -0.0186
vn -0.6935 -0.3369 -0.6368
vn -0.6133 -0.3456 -0.7102
vn 0.9760 -0.2178 -0.0068
vn 0.9843 -0.0567 -0.1671
vn 0.9967 0.0447 -0.0676
vn 0.8888 0.0407 0.4566
vn 0.8372 0.2412 -0.4909
vn 0.4256 0.0513 0.9034
vn 0.4268 0.4011 -0.8105
vn 0.5230 0.4099 -0.7473
vn -0.1411 -0.0585 -0.9883
vn 0.4083 0.8300 -0.3801
vn 0.4669 0.7769 -0.4225
vn 0.3407 0.8649 -0.3685
vn 0.1363 0.6067 0.7831
vn 0.3914 0.6790 0.6211
vn 0.7180 0.1307 0.6836
vn 0.9598 0.2765 0.0482
vn 0.8063 0.2264 -0.5465
vn 0.4396 0.2121 -0.8728
vn 0.4519 0.2017 -0.8690
vn 0.2830 0.1297 0.9503
vn 0.3400 0.6064 -0.7188
vn 0.3029 0.7574 -0.5784
vn 0.1557 0.2314 0.9603
vn 0.1968 0.3158 0.9282
vn 0.2674 -0.0791 0.9603
vn 0.7159 0.3467 0.6060
vn 0.6869 0.3785 0.6204
vn 0.2345 -0.0030 0.9721
vn -0.3008 -0.3532 0.8859
vn -0.4374 -0.3113 0.8437
vn 0.2314 0.0807 0.9695
vn 0.6676 0.4019 0.6268
vn 0.6499 0.3708 -0.6634
vn 0.6099 0.4179 -0.6733
vn 0.8362 0.5475 0.0305
vn 0.8478 0.5298 0.0222
vn 0.0114 -0.1040 -0.9945
vn -0.0720 -0.0371 -0.9967
vn -0.1721 -0.0047 -0.9851
vn -0.7568 -0.3461 -0.5545
vn 0.3625 0.0236 -0.9317
vn 0.7921 0.3337 -0.5111
vn 0.8973 0.4080 0.1683
vn 0.8912 0.4352 0.1281
vn 0.6807 0.4856 -0.5485
vn 0.8438 0.2885 0.4524
vn 0.7785 0.3938 0.4887
vn 0.2487 0.3914 -0.8860
vn 0.3444 0.4206 -0.8394
vn 0.7697 0.0776 -0.6337
vn 0.9847 0.1241 0.1222
vn 0.8821 0.0971 0.4609
vn 0.8009 0.2666 0.5362
vn 0.7296 0.3729 0.5733
vn 0.8746 0.0770 0.4787
vn 0.7710 0.5693 0.2855
vn 0.7317 0.6115 0.3011
vn 0.7866 0.5809 0.2094
vn 0.7548 0.6363 0.1596
vn 0.5170 -0.8177 -0.2532
vn 0.9044 -0.1590 0.3959
vn 0.9850 -0.1404 0.0999
vn 0.4452 -0.8952 -0.0206
vn 0.7639 0.3993 0.5069
vn 0.4488 0.6758 0.5847
vn 0.4061 -0.9138 0.0086
vn 0.9015 -0.1754 0.3957
vn 0.6615 0.6458 -0.3814
vn 0.5161 0.7583 -0.3983
vn 0.7706 -0.2067 -0.6029
vn 0.4522 -0.8339 -0.3165
vn 0.0703 0.5706 -0.8182
vn -0.0075 0.6746 -0.7381
vn -0.0740 -0.8403 -0.5371
vn 0.3587 -0.2298 -0.9047
vn 0.8218 0.5697 -0.0026
vn 0.5450 0.4474 -0.7091
vn -0.5660 -0.2764 0.7767
vn -0.9125 -0.3996 0.0875
vn 0.2901 0.3915 0.8733
vn 0.3969 0.2774 0.8749
vn -0.5311 -0.1822 -0.8275
vn -0.0632 0.2576 -0.9642
vn -0.2028 0.2017 -0.9582
vn -0.6557 -0.2264 -0.7202
vn 0.1541 -0.0216 -0.9878
vn 0.5633 0.2979 -0.7706
vn 0.4032 0.6074 -0.6844
vn 0.5034 0.5542 -0.6629
vn -0.2750 -0.3826 -0.8820
vn 0.7136 0.4920 -0.4987
vn 0.4804 0.3340 -0.8110
vn 0.4724 0.3095 -0.8252
vn 0.7001 0.4781 -0.5303
vn -0.6936 -0.6580 -0.2931
vn -0.3540 -0.3609 -0.8628
vn -0.3485 -0.3741 -0.8594
vn -0.6578 -0.6918 -0.2980
vn -0.6637 -0.6849 -0.3005
vn -0.8057 -0.5621 -0.1871
vn 0.4609 0.3031 -0.8341
vn 0.6816 0.4842 -0.5486
vn 0.7001 0.5536 -0.4509
vn 0.4716 0.3902 -0.7908
vn 0.5955 0.8033 0.0082
vn 0.5156 0.7992 0.3089
vn 0.6212 0.6523 0.4343
vn 0.7285 0.6824 -0.0604
vn -0.8066 -0.5853 0.0822
vn -0.7516 -0.5827 -0.3091
vn -0.6912 -0.6443 -0.3274
vn -0.7455 -0.6661 0.0226
vn -0.8362 -0.5361 -0.1155
vn 0.7999 0.5114 -0.3140
vn 0.8092 0.5794 0.0975
vn 0.6092 0.7449 -0.2721
vn -0.7012 -0.7128 0.0142
vn 0.8023 0.5826 -0.1302
vn 0.7718 0.5471 0.3241
vn 0.7943 0.5124 0.3263
vn 0.8225 0.5570 -0.1151
vn 0.7039 0.5794 -0.4108
vn 0.4867 0.3745 -0.7892
vn 0.7161 0.6262 -0.3083
vn 0.7707 0.5292 -0.3550
vn 0.5628 0.4294 -0.7063
vn 0.2710 0.1048 0.9568
vn 0.2964 0.1086 0.9489
vn 0.7997 0.5086 0.3191
vn -0.3195 -0.3289 0.8886
vn -0.7075 -0.6431 0.2930
vn -0.7086 -0.6600 0.2496
vn -0.3208 -0.3495 0.8803
vn -0.2944 -0.3429 0.8920
vn 0.2604 0.1268 0.9571
vn 0.2669 0.1346 0.9543
vn -0.2848 -0.3445 0.8946
vn -0.3157 -0.3994 0.8607
vn -0.4209 -0.3634 0.8311
vn 0.2588 0.1943 0.9462
vn -0.5005 -0.3304 0.8002
vn 0.2163 0.2032 0.9549
vn -0.4730 -0.4102 0.7797
vn 0.1997 0.1419 0.9695
vn -0.6698 -0.7140 0.2038
vn 0.7561 0.5703 0.3210
vn 0.2517 0.1227 0.9600
vn 0.8291 0.5519 -0.0900
vn -0.6785 -0.6606 0.3213
vn -0.6912 -0.6815 -0.2405
vn -0.7042 -0.6586 -0.2651
vn -0.4079 -0.3538 -0.8417
vn -0.7096 -0.6443 -0.2853
vn -0.6710 -0.6620 0.3338
vn -0.6928 -0.6832 -0.2308
vn 0.7855 0.6035 -0.1368
vn 0.7486 0.5804 0.3205
vn 0.7897 0.5983 -0.1358
vn 0.7512 0.5241 -0.4011
vn 0.4989 0.3714 -0.7830
vn 0.4515 0.2989 -0.8407
vn 0.6708 0.4878 -0.5587
vn -0.5277 -0.3957 0.7516
vn -0.8499 -0.5145 0.1140
vn -0.7634 -0.0689 0.6422
vn 0.4438 0.2994 -0.8447
vn 0.6653 0.4900 -0.5633
vn -0.0392 -0.0968 -0.9945
vn -0.0196 -0.0736 -0.9971
vn -0.3638 -0.3725 -0.8537
vn 0.7588 0.5693 0.3165
vn 0.7953 0.6043 -0.0492
vn -0.3650 -0.3915 -0.8447
vn -0.0544 -0.1168 -0.9917
vn 0.7835 0.5074 -0.3587
vn 0.5494 0.2854 -0.7853
vn -0.9069 -0.3996 0.1333
vn -0.8196 -0.0234 0.5724
vn -0.7365 -0.6585 0.1547
vn 0.7202 0.5822 0.3773
vn 0.7689 0.6391 0.0200
vn 0.7384 0.5374 0.4075
vn -0.4039 -0.3421 -0.8484
vn -0.3003 -0.3836 -0.8733
vn 0.1065 0.2289 0.9676
vn 0.7196 0.5929 0.3614
vn -0.8038 -0.5939 -0.0349
vn -0.8373 -0.5452 -0.0397
vn -0.0394 -0.0234 -0.9990
vn 0.0027 -0.0315 -0.9995
vn -0.0699 -0.1152 -0.9909
vn -0.3752 -0.3871 -0.8423
vn -0.6977 -0.4402 -0.5651
vn -0.7872 -0.6133 -0.0645
vn -0.7728 -0.6346 -0.0080
vn -0.6318 -0.7654 -0.1225
vn -0.5329 -0.8135 0.2330
vn -0.5650 -0.8227 0.0636
vn -0.7190 -0.6898 0.0842
vn -0.6367 -0.7555 0.1544
vn 0.7302 0.5661 0.3826
vn 0.8108 0.5782 -0.0911
vn 0.0019 -0.9152 -0.4029
vn 0.0090 0.4868 0.8735
vn 0.6113 0.4593 0.6445
vn 0.9035 0.0661 0.4235
vn 0.7338 0.6142 0.2903
vn -0.1625 0.5383 0.8270
vn -0.7344 -0.5410 -0.4099
vn -0.3031 -0.0740 -0.9501
vn 0.8058 0.5795 -0.1216
vn 0.8158 0.5718 0.0874
vn 0.7758 0.4789 -0.4109
vn 0.7582 0.5015 -0.4167
vn 0.8246 0.5439 -0.1554
vn 0.8218 0.5412 -0.1782
vn 0.7600 0.6091 0.2267
vn 0.7797 0.6033 0.1675
vn 0.3033 0.2387 0.9225
vn 0.3207 0.2722 0.9072
vn -0.2746 -0.8082 0.5210
vn -0.3258 -0.6497 0.6869
vn -0.7036 -0.6544 -0.2768
vn -0.4689 -0.4817 -0.7404
vn -0.4451 -0.5544 -0.7032
vn -0.6411 -0.7368 -0.2147
vn -0.4010 -0.3307 0.8543
vn 0.6088 0.3192 0.7263
vn 0.4756 0.3027 0.8259
vn -0.3015 -0.5181 0.8005
vn -0.4249 -0.3007 -0.8538
vn 0.4413 0.2944 -0.8477
vn 0.4837 0.2314 -0.8441
vn 0.1206 -0.0614 -0.9908
vn -0.0106 -0.0563 -0.9984
vn -0.4232 -0.4685 -0.7755
vn -0.7022 -0.6742 0.2291
vn -0.6667 -0.6985 -0.2601
vn -0.4411 -0.4847 -0.7553
vn -0.6230 -0.7093 -0.3298
vn -0.4606 -0.5166 0.7218
vn -0.4692 -0.7568 0.4551
vn -0.5009 -0.8235 0.2663
vn 0.8559 0.3976 0.3307
vn 0.7782 0.3268 -0.5363
vn 0.8431 0.4840 -0.2342
vn 0.8413 0.4947 -0.2178
vn 0.8494 0.4723 0.2355
vn 0.6105 0.2945 -0.7352
vn 0.5678 0.2554 -0.7826
vn 0.7682 0.4038 -0.4968
vn 0.7876 0.3507 -0.5066
vn 0.7896 0.5468 0.2785
vn 0.9755 -0.0575 -0.2123
vn 0.8409 0.3971 -0.3677
vn -0.4253 -0.9046 0.0289
vn -0.5343 -0.8452 0.0098
vn -0.0758 -0.9923 0.0978
vn -0.5738 -0.7568 -0.3131
vn 0.0328 -0.9611 0.2742
vn -0.3441 -0.8575 0.3824
vn -0.7076 -0.6347 -0.3105
vn -0.5128 -0.8492 0.1262
vn 0.9912 -0.1320 0.0016
vn 0.9081 0.4165 0.0430
vn 0.8059 0.3642 0.4667
vn 0.8603 0.4982 -0.1086
vn 0.8557 0.5053 -0.1117
vn 0.8684 0.4816 -0.1180
vn 0.7459 0.3036 -0.5929
vn 0.9957 -0.0771 0.0521
vn -0.5213 -0.8325 0.1873
vn -0.3310 -0.9088 0.2540
vn -0.4559 -0.6509 0.6070
vn 0.1212 -0.9551 0.2703
vn 0.0987 -0.0372 0.9944
vn 0.6351 -0.7725 0.0040
vn -0.0297 -0.1479 -0.9886
vn -0.0113 -0.1652 -0.9862
vn 0.5987 -0.7630 0.2438
vn 0.1246 -0.0633 0.9902
vn 0.1164 -0.2065 -0.9715
vn 0.6302 -0.7689 0.1082
vn -0.0050 -0.0659 0.9978
vn 0.6871 0.3338 0.6454
vn 0.0216 -0.0042 0.9998
vn -0.4785 -0.3404 0.8094
vn -0.5197 -0.4012 0.7543
vn 0.6377 0.2573 0.7260
vn -0.7288 -0.6706 -0.1386
vn -0.4951 -0.6258 -0.6026
vn -0.2787 -0.9533 0.1166
vn -0.2838 -0.9268 0.2458
vn -0.3639 -0.8936 0.2628
vn -0.6955 -0.6807 0.2303
vn -0.7836 -0.5402 -0.3068
vn 0.7326 0.3698 0.5715
vn 0.6527 0.3354 -0.6794
vn -0.0983 -0.0894 -0.9911
vn 0.7026 0.3442 -0.6228
vn 0.0308 -0.0078 -0.9995
vn -0.7391 -0.6036 -0.2990
vn -0.5780 -0.4823 0.6583
vn -0.0119 -0.9642 0.2650
vn -0.2180 -0.9041 0.3676
vn -0.4066 -0.8834 0.2331
vn -0.4289 -0.8990 0.0885
vn -0.2703 -0.9625 -0.0234
vn -0.0305 -0.9992 0.0262
vn 0.7782 0.4194 0.4675
vn 0.1632 0.0784 0.9835
vn 0.0511 0.0020 0.9987
vn 0.0134 -0.0535 0.9985
vn 0.7667 0.3761 0.5203
vn -0.0947 -0.1068 -0.9898
vn 0.1165 0.0384 -0.9924
vn 0.0147 -0.0914 -0.9957
vn 0.2771 0.0960 -0.9560
vn 0.7334 0.3689 -0.5710
vn 0.7288 0.3209 -0.6048
vn -0.0159 -0.1301 -0.9914
vn -0.6474 -0.5220 0.5553
vn 0.0643 -0.0056 0.9979
vn -0.5860 -0.5474 0.5975
vn -0.6545 -0.5651 0.5023
vn 0.0397 -0.0464 0.9981
vn -0.6996 -0.6391 -0.3196
vn -0.7431 -0.6315 -0.2214
vn 0.8253 0.4314 0.3643
vn 0.1531 0.0609 0.9863
vn 0.8218 0.3689 0.4343
vn -0.4144 -0.8756 0.2480
vn -0.3885 -0.9200 0.0519
vn -0.0673 -0.9974 0.0257
vn -0.1183 -0.9498 0.2898
vn -0.2984 -0.8910 0.3421
vn 0.7779 0.3896 0.4931
vn 0.6987 0.3388 -0.6301
vn 0.7009 0.3283 -0.6332
vn 0.7705 0.4457 0.4557
vn 0.7520 0.3808 0.5380
vn 0.6805 0.2634 -0.6838
vn -0.0997 -0.0327 0.9945
vn -0.0088 0.0418 0.9991
vn 0.7271 0.4677 0.5027
vn -0.7457 -0.5915 0.3068
vn -0.4565 -0.4896 -0.7429
vn -0.5303 -0.5432 -0.6509
vn -0.7532 -0.5904 0.2902
vn -0.1644 -0.1359 0.9770
vn -0.1180 0.4840 0.8671
vn 0.7352 0.4319 0.5225
vn -0.8492 -0.5281 0.0001
vn -0.7595 0.1176 0.6399
vn 0.3780 -0.6452 -0.6639
vn -0.7120 0.1303 0.6899
vn -0.8463 -0.5199 0.1158
vn -0.3574 -0.8923 0.2757
vn -0.4523 -0.2052 0.8679
vn 0.8570 -0.2915 -0.4249
vn 0.4058 -0.8644 -0.2968
vn 0.7889 -0.5300 -0.3110
vn 0.9958 -0.0895 0.0213
vn 0.5219 0.1979 0.8297
vn -0.2863 -0.9262 0.2453
vn -0.2818 -0.9582 0.0491
vn 0.7255 0.3404 -0.5982
vn -0.4622 -0.6313 -0.6227
vn -0.1155 -0.1158 -0.9865
vn -0.7352 -0.6625 0.1431
vn 0.6937 0.3152 -0.6477
vn -0.1223 -0.1701 -0.9778
vn -0.7523 -0.6287 -0.1970
vn 0.2088 -0.7183 -0.6636
vn 0.8040 -0.2726 -0.5285
vn 0.0221 0.5556 0.8312
vn 0.9063 0.3784 0.1882
vn 0.7420 0.3825 -0.5506
vn 0.6632 0.3486 0.6623
vn 0.7168 0.3563 -0.5994
vn 0.6488 0.3154 -0.6925
vn 0.1950 -0.0038 -0.9808
vn 0.8908 0.4236 0.1642
vn 0.8802 0.4072 -0.2438
vn 0.8868 0.4193 0.1942
vn 0.8799 0.4063 -0.2465
vn 0.8448 0.3744 -0.3824
vn 0.9123 0.4094 0.0025
vn 0.8444 0.3986 -0.3580
vn 0.8847 0.4564 0.0947
vn 0.5311 -0.1822 -0.8275
vn 0.6557 -0.2264 -0.7202
vn 0.2028 0.2017 -0.9582
vn 0.0632 0.2576 -0.9642
vn -0.1541 -0.0216 -0.9878
vn -0.4032 0.6074 -0.6844
vn -0.5634 0.2979 -0.7706
vn -0.5034 0.5542 -0.6629
vn 0.2750 -0.3826 -0.8820
vn -0.7136 0.4920 -0.4987
vn -0.7001 0.4781 -0.5303
vn -0.4724 0.3095 -0.8252
vn -0.4804 0.3340 -0.8110
vn 0.6936 -0.6580 -0.2931
vn 0.6578 -0.6918 -0.2980
vn 0.3486 -0.3740 -0.8594
vn 0.3540 -0.3609 -0.8628
vn 0.6637 -0.6849 -0.3006
vn 0.8057 -0.5621 -0.1871
vn -0.6814 0.4845 -0.5486
vn -0.4610 0.3030 -0.8341
vn -0.4716 0.3902 -0.7908
vn -0.7001 0.5536 -0.4509
vn -0.5955 0.8033 0.0082
vn -0.7285 0.6824 -0.0604
vn -0.6212 0.6523 0.4343
vn -0.5156 0.7992 0.3089
vn 0.8066 -0.5853 0.0822
vn 0.7455 -0.6661 0.0226
vn 0.6912 -0.6443 -0.3274
vn 0.7516 -0.5827 -0.3091
vn 0.8362 -0.5361 -0.1156
vn -0.7999 0.5114 -0.3140
vn -0.6092 0.7449 -0.2720
vn -0.8092 0.5794 0.0975
vn 0.7012 -0.7128 0.0142
vn -0.8023 0.5826 -0.1302
vn -0.8225 0.5570 -0.1151
vn -0.7943 0.5124 0.3263
vn -0.7718 0.5471 0.3241
vn -0.4867 0.3745 -0.7892
vn -0.7039 0.5794 -0.4108
vn -0.7161 0.6262 -0.3083
vn -0.5628 0.4294 -0.7063
vn -0.7707 0.5292 -0.3550
vn -0.7997 0.5086 0.3191
vn -0.2964 0.1086 0.9489
vn -0.2710 0.1048 0.9568
vn 0.3195 -0.3289 0.8886
vn 0.3208 -0.3495 0.8803
vn 0.7084 -0.6602 0.2496
vn 0.7075 -0.6431 0.2930
vn 0.2944 -0.3429 0.8920
vn 0.2848 -0.3445 0.8946
vn -0.2669 0.1346 0.9543
vn -0.2604 0.1268 0.9571
vn 0.3157 -0.3994 0.8607
vn -0.2588 0.1943 0.9462
vn 0.4209 -0.3634 0.8311
vn -0.2163 0.2032 0.9549
vn 0.5005 -0.3304 0.8002
vn -0.1997 0.1419 0.9695
vn 0.4730 -0.4102 0.7797
vn 0.6698 -0.7140 0.2038
vn -0.2517 0.1227 0.9600
vn -0.7561 0.5703 0.3210
vn -0.8291 0.5519 -0.0900
vn 0.7042 -0.6586 -0.2651
vn 0.6912 -0.6815 -0.2405
vn 0.6785 -0.6606 0.3213
vn 0.7096 -0.6443 -0.2853
vn 0.4079 -0.3538 -0.8417
vn 0.6928 -0.6832 -0.2308
vn 0.6710 -0.6620 0.3338
vn -0.7855 0.6035 -0.1368
vn -0.7897 0.5983 -0.1358
vn -0.7487 0.5803 0.3205
vn -0.4989 0.3714 -0.7830
vn -0.7512 0.5241 -0.4011
vn -0.6708 0.4878 -0.5587
vn -0.4515 0.2989 -0.8407
vn 0.5277 -0.3957 0.7516
vn 0.7634 -0.0689 0.6422
vn 0.8499 -0.5145 0.1140
vn -0.6654 0.4899 -0.5633
vn -0.4437 0.2995 -0.8447
vn 0.0392 -0.0968 -0.9945
vn 0.3638 -0.3725 -0.8537
vn 0.0196 -0.0736 -0.9971
vn -0.7953 0.6043 -0.0492
vn -0.7588 0.5693 0.3165
vn 0.3650 -0.3915 -0.8447
vn 0.0543 -0.1169 -0.9917
vn -0.5494 0.2854 -0.7853
vn -0.7835 0.5074 -0.3587
vn 0.8196 -0.0234 0.5724
vn 0.9069 -0.3996 0.1333
vn 0.7365 -0.6585 0.1547
vn -0.7689 0.6391 0.0200
vn -0.7202 0.5822 0.3773
vn -0.7384 0.5374 0.4075
vn 0.4039 -0.3421 -0.8484
vn 0.3003 -0.3836 -0.8733
vn -0.1066 0.2289 0.9676
vn -0.7196 0.5929 0.3614
vn 0.8373 -0.5452 -0.0397
vn 0.8038 -0.5939 -0.0349
vn -0.0027 -0.0315 -0.9995
vn 0.0394 -0.0234 -0.9990
vn 0.0699 -0.1152 -0.9909
vn 0.3752 -0.3871 -0.8423
vn 0.7872 -0.6133 -0.0645
vn 0.6977 -0.4402 -0.5651
vn 0.6318 -0.7654 -0.1225
vn 0.7728 -0.6346 -0.0080
vn 0.5329 -0.8136 0.2326
vn 0.6367 -0.7555 0.1544
vn 0.7190 -0.6898 0.0842
vn 0.5650 -0.8227 0.0636
vn -0.8109 0.5781 -0.0911
vn -0.7302 0.5661 0.3826
vn -0.0019 -0.9152 -0.4029
vn -0.0090 0.4868 0.8735
vn -0.6113 0.4593 0.6445
vn -0.7338 0.6142 0.2903
vn -0.9035 0.0661 0.4235
vn 0.1625 0.5383 0.8270
vn 0.7344 -0.5410 -0.4099
vn 0.3031 -0.0740 -0.9501
vn -0.8058 0.5795 -0.1216
vn -0.8158 0.5718 0.0874
vn -0.7758 0.4789 -0.4109
vn -0.8218 0.5412 -0.1782
vn -0.8246 0.5439 -0.1554
vn -0.7582 0.5015 -0.4167
vn -0.7797 0.6033 0.1675
vn -0.7600 0.6091 0.2267
vn -0.3207 0.2722 0.9072
vn -0.3033 0.2387 0.9225
vn 0.3258 -0.6497 0.6869
vn 0.2746 -0.8082 0.5210
vn 0.7036 -0.6544 -0.2768
vn 0.6411 -0.7368 -0.2147
vn 0.4451 -0.5544 -0.7033
vn 0.4689 -0.4817 -0.7404
vn 0.4010 -0.3307 0.8543
vn 0.3015 -0.5180 0.8005
vn -0.4756 0.3028 0.8259
vn -0.6088 0.3192 0.7263
vn -0.4413 0.2944 -0.8477
vn 0.4249 -0.3007 -0.8538
vn -0.4837 0.2314 -0.8441
vn -0.1206 -0.0614 -0.9908
vn 0.0106 -0.0563 -0.9984
vn 0.4232 -0.4685 -0.7755
vn 0.4411 -0.4846 -0.7553
vn 0.6667 -0.6984 -0.2601
vn 0.7022 -0.6741 0.2291
vn 0.6230 -0.7093 -0.3298
vn 0.5009 -0.8235 0.2663
vn 0.4692 -0.7568 0.4551
vn 0.4606 -0.5166 0.7218
vn -0.8559 0.3976 0.3307
vn -0.8413 0.4947 -0.2178
vn -0.8431 0.4840 -0.2342
vn -0.7782 0.3268 -0.5363
vn -0.8494 0.4723 0.2355
vn -0.7682 0.4038 -0.4969
vn -0.5678 0.2554 -0.7826
vn -0.6105 0.2945 -0.7352
vn -0.7896 0.5468 0.2785
vn -0.7876 0.3507 -0.5066
vn -0.8409 0.3971 -0.3677
vn -0.9755 -0.0575 -0.2123
vn 0.5343 -0.8452 0.0098
vn 0.4253 -0.9046 0.0289
vn 0.0759 -0.9923 0.0978
vn 0.5737 -0.7568 -0.3131
vn 0.3441 -0.8575 0.3824
vn -0.0328 -0.9611 0.2742
vn 0.7076 -0.6347 -0.3105
vn 0.5128 -0.8492 0.1262
vn -0.9081 0.4165 0.0430
vn -0.9912 -0.1320 0.0016
vn -0.8059 0.3642 0.4667
vn -0.8602 0.4982 -0.1087
vn -0.8684 0.4816 -0.1180
vn -0.8557 0.5053 -0.1117
vn -0.7459 0.3036 -0.5929
vn -0.9957 -0.0771 0.0521
vn 0.3310 -0.9088 0.2541
vn 0.5213 -0.8325 0.1873
vn 0.4559 -0.6509 0.6070
vn -0.1212 -0.9551 0.2703
vn -0.6351 -0.7725 0.0040
vn -0.0987 -0.0372 0.9944
vn 0.0297 -0.1479 -0.9886
vn -0.5984 -0.7635 0.2428
vn 0.0113 -0.1652 -0.9862
vn -0.1246 -0.0633 0.9902
vn -0.6301 -0.7689 0.1082
vn -0.1164 -0.2065 -0.9715
vn 0.0050 -0.0659 0.9978
vn -0.6871 0.3338 0.6454
vn -0.6377 0.2573 0.7261
vn 0.5197 -0.4012 0.7543
vn 0.4786 -0.3404 0.8094
vn -0.0216 -0.0042 0.9998
vn 0.7288 -0.6706 -0.1386
vn 0.6955 -0.6806 0.2303
vn 0.3639 -0.8936 0.2628
vn 0.2838 -0.9268 0.2458
vn 0.2787 -0.9533 0.1166
vn 0.4951 -0.6258 -0.6026
vn 0.7836 -0.5402 -0.3067
vn -0.6527 0.3354 -0.6794
vn -0.7326 0.3698 0.5715
vn 0.0983 -0.0894 -0.9911
vn -0.0308 -0.0078 -0.9995
vn -0.7026 0.3442 -0.6228
vn 0.5780 -0.4823 0.6583
vn 0.7391 -0.6036 -0.2990
vn 0.0119 -0.9642 0.2651
vn 0.0305 -0.9992 0.0262
vn 0.2703 -0.9625 -0.0234
vn 0.4289 -0.8990 0.0885
vn 0.4066 -0.8834 0.2331
vn 0.2180 -0.9041 0.3676
vn -0.7782 0.4194 0.4675
vn -0.7666 0.3761 0.5204
vn -0.0134 -0.0535 0.9985
vn -0.0511 0.0020 0.9987
vn -0.1632 0.0784 0.9835
vn 0.0947 -0.1068 -0.9898
vn -0.1165 0.0384 -0.9924
vn -0.0147 -0.0914 -0.9957
vn 0.0159 -0.1301 -0.9914
vn -0.7289 0.3209 -0.6048
vn -0.7334 0.3689 -0.5710
vn -0.2771 0.0960 -0.9560
vn 0.6474 -0.5221 0.5552
vn -0.0643 -0.0056 0.9979
vn -0.0397 -0.0464 0.9981
vn 0.6544 -0.5652 0.5023
vn 0.5860 -0.5474 0.5975
vn 0.7431 -0.6315 -0.2214
vn 0.6996 -0.6391 -0.3196
vn -0.8253 0.4314 0.3643
vn -0.8218 0.3689 0.4343
vn -0.1531 0.0609 0.9863
vn 0.4144 -0.8756 0.2480
vn 0.2983 -0.8910 0.3421
vn 0.1183 -0.9498 0.2898
vn 0.0674 -0.9974 0.0257
vn 0.3885 -0.9200 0.0519
vn -0.7779 0.3895 0.4931
vn -0.6987 0.3388 -0.6301
vn -0.7009 0.3283 -0.6332
vn -0.6805 0.2634 -0.6838
vn -0.7521 0.3808 0.5380
vn -0.7705 0.4458 0.4557
vn -0.7271 0.4677 0.5027
vn 0.0088 0.0418 0.9991
vn 0.0997 -0.0327 0.9945
vn 0.7456 -0.5915 0.3068
vn 0.7532 -0.5904 0.2902
vn 0.5303 -0.5432 -0.6509
vn 0.4565 -0.4896 -0.7429
vn 0.1643 -0.1359 0.9770
vn -0.7352 0.4319 0.5225
vn 0.1180 0.4840 0.8671
vn 0.7595 0.1176 0.6399
vn 0.8492 -0.5281 0.0001
vn -0.3780 -0.6452 -0.6639
vn 0.7120 0.1303 0.6899
vn 0.4523 -0.2052 0.8680
vn 0.3574 -0.8923 0.2757
vn 0.8463 -0.5199 0.1158
vn -0.8570 -0.2915 -0.4249
vn -0.5219 0.1979 0.8297
vn -0.9958 -0.0895 0.0213
vn -0.7889 -0.5300 -0.3110
vn -0.4058 -0.8644 -0.2967
vn 0.2863 -0.9262 0.2453
vn -0.7255 0.3404 -0.5981
vn 0.2818 -0.9582 0.0491
vn 0.1154 -0.1158 -0.9865
vn 0.4622 -0.6313 -0.6227
vn 0.7352 -0.6625 0.1431
vn -0.6937 0.3152 -0.6477
vn 0.1223 -0.1701 -0.9778
vn 0.7523 -0.6287 -0.1970
vn -0.2088 -0.7183 -0.6636
vn -0.8040 -0.2726 -0.5284
vn -0.0221 0.5556 0.8312
vn -0.9063 0.3784 0.1882
vn -0.7415 0.3833 -0.5507
vn -0.6632 0.3486 0.6623
vn -0.7168 0.3563 -0.5994
vn -0.1950 -0.0038 -0.9808
vn -0.6488 0.3154 -0.6925
vn -0.8908 0.4237 0.1642
vn -0.8802 0.4072 -0.2438
vn -0.8868 0.4193 0.1942
vn -0.8799 0.4063 -0.2465
vn -0.8448 0.3744 -0.3824
vn -0.9123 0.4095 0.0025
vn -0.8444 0.3986 -0.3580
vn -0.8847 0.4565 0.0947
vn 0.8487 0.0562 0.5258
vn 0.9972 0.0745 0.0048
vn 0.9962 0.0871 -0.0041
vn 0.8618 0.0706 0.5022
vn -0.3344 -0.0283 0.9420
vn -0.3002 -0.0308 0.9534
vn -0.8853 -0.0122 0.4649
vn -0.8952 -0.0185 0.4454
vn 0.4491 0.0930 -0.8886
vn 0.4907 -0.0361 -0.8706
vn 0.8822 -0.0108 -0.4708
vn 0.8809 0.0936 -0.4640
vn 0.4325 0.0297 0.9011
vn 0.4643 -0.0387 0.8848
vn -0.3021 -0.0528 0.9518
vn -0.3060 -0.0235 0.9517
vn -0.9953 0.0257 0.0937
vn -0.9989 -0.0290 0.0368
vn -0.9006 -0.0431 -0.4324
vn -0.8815 0.0578 -0.4687
vn 0.2233 -0.9198 -0.3226
vn -0.0074 -0.9941 0.1082
vn 0.0407 -0.9932 0.1089
vn -0.1212 -0.9197 -0.3734
vn -0.2284 0.1464 0.9625
vn -0.0822 -0.7611 0.6434
vn 0.2194 -0.8405 0.4953
vn 0.4795 0.0744 0.8744
vn -0.2975 0.1107 -0.9483
vn -0.8784 0.0738 -0.4722
vn -0.3234 0.0740 -0.9434
vn 0.5541 -0.8113 -0.1864
vn 0.0224 -0.9995 0.0229
vn -0.3768 -0.0555 -0.9246
vn 1.0000 -0.0005 0.0008
vn -0.7725 0.0158 0.6348
vn -0.3283 -0.8444 0.4233
vn -0.0011 -0.9998 0.0198
vn -0.5866 -0.7738 -0.2388
vn 0.3324 -0.8921 0.3059
vn 0.1795 -0.9837 0.0048
vn 0.8054 -0.5902 0.0556
vn 0.8350 -0.1038 0.5403
vn 1.0000 -0.0028 0.0052
vn 0.8993 -0.0154 0.4371
vn 0.8995 -0.0084 0.4368
vn 1.0000 -0.0003 0.0042
vn 0.8714 -0.0161 0.4903
vn -0.8734 -0.0490 0.4844
vn -0.8185 -0.0147 0.5744
vn -0.9963 -0.0281 0.0811
vn -0.3922 -0.0310 -0.9193
vn 0.5141 -0.0116 -0.8577
vn 0.8878 -0.0013 -0.4602
vn 0.5065 -0.0280 0.8618
vn 0.5009 -0.0215 0.8652
vn -0.9980 -0.0083 0.0619
vn -0.5006 -0.0211 0.8654
vn -0.5061 -0.0251 0.8621
vn -0.8991 -0.0146 0.4374
vn -0.8995 -0.0083 0.4369
vn -0.9150 -0.0288 -0.4024
vn -0.2476 -0.9668 0.0632
vn 0.1996 -0.9792 -0.0371
vn 0.1913 -0.9808 0.0368
vn -0.2943 -0.9514 -0.0909
vn -0.3567 -0.9309 -0.0790
vn 0.0872 -0.9949 -0.0499
vn -0.1090 -0.9829 -0.1485
vn -0.1365 -0.9485 0.2859
vn 0.1142 -0.9540 0.2773
vn -0.4425 -0.8893 0.1153
vn 0.2739 -0.9597 0.0632
vn -0.7613 0.0208 0.6481
vn -0.3112 0.0090 0.9503
vn -0.9879 0.0273 0.1525
vn -0.9313 -0.3288 0.1567
vn -0.8488 0.0562 0.5258
vn -0.8618 0.0706 0.5022
vn -0.9962 0.0871 -0.0041
vn -0.9972 0.0745 0.0048
vn 0.4333 0.1324 -0.8914
vn 0.4100 0.0290 0.9116
vn 0.8909 0.1162 -0.4390
vn 0.3348 -0.0272 0.9419
vn 0.2986 -0.0278 0.9540
vn 0.5408 -0.0620 -0.8389
vn -0.2805 -0.1649 -0.9456
vn -0.9313 -0.1295 -0.3405
vn -0.9898 -0.0239 0.1402
vn -0.5141 -0.0116 -0.8577
vn -0.5406 -0.0623 -0.8390
vn 0.2808 -0.1648 -0.9455
vn 0.3923 -0.0309 -0.9193
vn 0.8771 -0.0108 0.4801
vn 0.9998 0.0005 0.0192
vn 0.8953 -0.0101 -0.4453
vn -0.8254 -0.0108 0.5645
vn -0.1866 -0.0257 0.9821
vn 0.5222 -0.0195 0.8526
vn -0.0880 -0.0188 0.9959
vn 0.5313 0.0235 0.8469
vn 0.4980 0.0637 0.8648
vn 0.0077 0.0171 0.9998
vn 0.8631 0.0202 0.5046
vn 0.9995 0.0044 0.0298
vn 0.9995 0.0029 0.0299
vn 0.8373 0.0453 0.5448
vn 0.5900 0.0736 -0.8040
vn 0.1655 0.0294 -0.9858
vn 0.2330 0.0746 -0.9696
vn 0.5831 0.0893 -0.8075
vn 0.8276 0.0471 0.5593
vn 0.4822 0.0677 0.8734
vn -0.6525 -0.1616 -0.7403
vn 0.0330 0.0053 -0.9994
vn 0.8637 0.0522 -0.5013
vn 0.8435 0.0599 -0.5337
vn 0.0321 0.0395 0.9987
vn 0.9997 0.0025 0.0252
vn -0.5157 -0.2120 0.8301
vn -0.1303 -0.0248 0.9912
vn -0.9481 -0.3013 0.1017
vn -0.0000 -1.0000 -0.0000
vn -0.0076 -0.7361 -0.6768
vn -0.0099 -0.0644 0.9979
vn -0.0080 -0.6015 0.7988
vn -0.0113 -0.0532 -0.9985
vn -0.3324 -0.8921 0.3059
vn -0.8350 -0.1038 0.5403
vn -0.8054 -0.5902 0.0556
vn -0.1795 -0.9837 0.0048
vn 0.8948 -0.0174 0.4461
vn 0.8832 -0.0126 0.4688
vn -0.8809 0.0936 -0.4640
vn -0.8822 -0.0108 -0.4708
vn -0.4907 -0.0361 -0.8706
vn -0.4491 0.0930 -0.8886
vn -1.0000 -0.0003 0.0043
vn -1.0000 -0.0028 0.0053
vn -1.0000 -0.0005 0.0006
vn 0.8815 0.0578 -0.4687
vn 0.9007 -0.0431 -0.4324
vn 0.9989 -0.0289 0.0371
vn 0.9953 0.0257 0.0937
vn 0.9313 -0.3288 0.1567
vn 0.7725 0.0158 0.6348
vn 0.3283 -0.8444 0.4233
vn 0.2476 -0.9668 0.0632
vn 0.2284 0.1464 0.9625
vn -0.4795 0.0744 0.8744
vn -0.2194 -0.8405 0.4953
vn 0.0822 -0.7611 0.6434
vn 0.1212 -0.9197 -0.3734
vn 0.5866 -0.7738 -0.2389
vn 0.0011 -0.9998 0.0198
vn -0.0407 -0.9932 0.1089
vn -0.5541 -0.8113 -0.1865
vn -0.2233 -0.9198 -0.3226
vn 0.0075 -0.9941 0.1082
vn -0.0224 -0.9995 0.0229
vn 0.3234 0.0740 -0.9434
vn 0.3767 -0.0555 -0.9247
vn -0.4333 0.1324 -0.8914
vn 0.2975 0.1107 -0.9483
vn -0.4100 0.0290 0.9116
vn -0.4325 0.0297 0.9011
vn -0.8714 -0.0161 0.4903
vn -0.4643 -0.0387 0.8848
vn 0.8185 -0.0147 0.5744
vn 0.8734 -0.0490 0.4844
vn 0.3021 -0.0528 0.9518
vn 0.3060 -0.0235 0.9517
vn 0.9963 -0.0278 0.0818
vn -0.8878 -0.0008 -0.4602
vn 0.9980 -0.0089 0.0620
vn 0.9150 -0.0287 -0.4024
vn -0.1913 -0.9808 0.0368
vn -0.1996 -0.9792 -0.0371
vn 0.3567 -0.9309 -0.0790
vn 0.2943 -0.9514 -0.0909
vn 0.1090 -0.9829 -0.1485
vn -0.0872 -0.9949 -0.0499
vn -0.1142 -0.9540 0.2773
vn 0.1365 -0.9485 0.2859
vn 0.4425 -0.8893 0.1153
vn -0.2739 -0.9597 0.0632
vn 0.7613 0.0208 0.6481
vn 0.3112 0.0090 0.9503
vn 0.9879 0.0273 0.1525
vn 0.8784 0.0738 -0.4722
vn -0.8909 0.1162 -0.4390
vn 0.9306 -0.1316 -0.3417
vn 0.9901 -0.0293 0.1371
vn -0.8750 -0.0044 0.4840
vn -0.9998 0.0023 0.0207
vn -0.8956 -0.0103 -0.4447
vn 0.8130 -0.0130 0.5821
vn 0.1693 -0.0139 0.9855
vn -0.5197 -0.0062 0.8543
vn 0.9906 -0.0344 0.1323
vn 0.9497 -0.2971 0.0992
vn 0.4905 -0.2090 0.8460
vn 0.7970 -0.0612 0.6009
vn 0.1037 -0.1744 -0.9792
vn -0.1626 0.0295 -0.9863
vn 0.6594 -0.1602 -0.7346
vn 0.9405 -0.1205 -0.3176
vn 0.0668 -0.0195 0.9976
vn -0.0060 0.0036 1.0000
vn -0.4944 0.0509 0.8677
vn -0.5255 0.0155 0.8506
vn -0.8983 0.0051 -0.4393
vn -0.8646 0.0526 -0.4997
vn -0.5923 0.0739 -0.8023
vn -0.5757 -0.0408 -0.8166
vn -0.8617 0.0151 0.5072
vn -0.8418 0.0394 0.5384
vn -0.9996 0.0009 0.0286
vn -0.9995 0.0056 0.0316
vn -0.5854 0.0915 -0.8055
vn -0.2301 0.0784 -0.9700
vn -0.4798 0.0713 0.8745
vn -0.8330 0.0526 0.5507
vn -0.0228 0.0047 -0.9997
vn -0.8443 0.0592 -0.5326
vn -0.0235 0.0326 0.9992
vn -0.9997 0.0004 0.0226
vn 0.1160 -0.0321 0.9927
vn 0.8976 0.0044 -0.4409
vn 0.5750 -0.0392 -0.8172
vn -0.1025 -0.1720 -0.9798
vn -0.9406 -0.1218 -0.3169
vn -0.9901 -0.0361 0.1357
vn -0.8155 -0.0655 0.5751
vn 0.3265 0.4555 -0.8282
vn -0.0000 0.5606 -0.8281
vn -0.0000 0.1400 -0.9901
vn 0.3096 0.1472 -0.9394
vn -0.7419 0.5797 -0.3370
vn -0.9467 0.2074 -0.2464
vn -0.3101 0.1464 -0.9394
vn -0.3267 0.4547 -0.8286
vn 0.7411 0.5809 -0.3367
vn 0.9476 0.2132 -0.2379
vn 0.9770 0.1973 0.0808
vn 0.7163 0.6827 0.1444
vn 0.0002 0.4930 0.8700
vn -0.0000 0.2399 0.9708
vn -0.4266 0.2081 0.8802
vn -0.4268 0.4630 0.7768
vn 0.4267 0.4635 0.7766
vn 0.4314 0.2117 0.8770
vn 0.9113 0.1784 0.3711
vn 0.6437 0.5849 0.4934
vn -0.6443 0.5842 0.4935
vn -0.9100 0.1683 0.3789
vn -0.9796 0.1874 0.0721
vn -0.7172 0.6817 0.1444
vn 0.4225 0.0854 0.9023
vn 0.9510 0.0289 0.3080
vn 0.9963 0.0608 0.0602
vn 0.9750 0.0965 -0.2002
vn 0.2986 0.0550 -0.9528
vn -0.0000 0.1226 0.9925
vn -0.4154 0.0825 0.9059
vn -0.9734 0.0899 -0.2108
vn -0.2992 0.0546 -0.9526
vn -0.9976 0.0485 0.0495
vn -0.9480 0.0166 0.3178
vn 0.8618 -0.0089 0.5072
vn 0.8561 -0.0129 0.5166
vn -0.8213 -0.0374 0.5693
vn -0.8282 -0.0339 0.5594
vn -0.8561 -0.0129 0.5166
vn -0.8618 -0.0089 0.5072
vn 0.8282 -0.0339 0.5594
vn 0.8213 -0.0374 0.5693
vn 0.4811 -0.0234 0.8763
vn 0.4764 -0.0304 0.8787
vn -0.3340 -0.0349 0.9419
vn -0.3266 -0.0421 0.9442
vn -0.4811 -0.0234 0.8763
vn -0.4764 -0.0304 0.8787
vn 0.3340 -0.0349 0.9419
vn 0.3266 -0.0421 0.9442
vn 0.7240 0.5407 0.4284
vn 0.4192 0.6023 0.6794
vn 0.7246 -0.4096 0.5542
vn 0.4458 -0.1756 0.8778
vn -0.7257 0.4395 0.5293
vn -0.8914 0.4488 0.0635
vn -0.7342 0.4389 0.5181
vn -0.9906 0.0215 0.1348
vn -0.2144 0.5026 0.8375
vn -0.2188 0.4679 0.8563
vn -0.2767 0.2700 -0.9222
vn 0.4124 0.2825 -0.8661
vn -0.2898 -0.3836 -0.8769
vn 0.4453 -0.3862 -0.8078
vn 0.8439 0.3371 -0.4174
vn 0.9013 -0.2658 -0.3420
vn -0.7797 0.4274 -0.4575
vn -0.8800 -0.2567 -0.3997
vn 0.9049 0.4233 0.0443
vn 0.9493 -0.2939 0.1115
vn -0.4192 0.6023 0.6794
vn -0.7240 0.5406 0.4284
vn -0.4458 -0.1756 0.8777
vn -0.7246 -0.4096 0.5542
vn 0.8914 0.4488 0.0635
vn 0.7257 0.4395 0.5293
vn 0.9906 0.0215 0.1348
vn 0.7342 0.4389 0.5181
vn 0.2144 0.5026 0.8375
vn 0.2188 0.4679 0.8563
vn -0.4124 0.2825 -0.8661
vn 0.2767 0.2700 -0.9222
vn -0.4453 -0.3862 -0.8078
vn 0.2898 -0.3836 -0.8769
vn -0.8439 0.3371 -0.4174
vn -0.9013 -0.2658 -0.3420
vn 0.7797 0.4274 -0.4575
vn 0.8800 -0.2567 -0.3997
vn -0.9049 0.4233 0.0443
vn -0.9493 -0.2939 0.1115
vn -0.2380 -0.5171 -0.8222
vn -0.5846 -0.6344 0.5057
vn -0.8419 0.3776 0.3855
vn 0.1002 0.4882 -0.8670
vn -0.6257 -0.6619 -0.4128
vn 0.7312 -0.5969 0.3302
vn 0.6656 -0.7111 -0.2265
vn -0.6889 -0.7149 0.1199
vn 0.6885 -0.5444 0.4791
vn -0.7729 -0.6332 -0.0416
vn 0.2346 -0.9682 -0.0868
vn 0.1407 -0.7190 -0.6806
vn -0.2749 -0.5382 -0.7967
vn -0.4717 0.5855 0.6593
vn -0.0833 0.6746 0.7335
vn -0.9590 0.1713 0.2257
vn -0.3603 0.7428 0.5642
vn 0.3366 -0.6015 -0.7244
vn -0.6819 0.1204 -0.7214
vn 0.9011 -0.1191 0.4169
vn 0.9834 -0.1690 -0.0664
vn -0.6657 -0.7110 -0.2265
vn -0.7312 -0.5969 0.3302
vn -0.3573 0.9063 0.2256
vn -0.3289 0.8984 0.2909
vn 0.2333 0.9388 0.2535
vn 0.2897 0.9178 0.2715
vn -0.4251 -0.0213 -0.9049
vn 0.5810 0.2455 0.7760
vn 0.8128 0.1685 0.5577
vn -0.8464 0.1044 0.5223
vn -0.7040 0.5897 -0.3958
vn -0.8205 0.3761 0.4305
vn -0.5656 0.5405 -0.6229
vn -0.5074 0.8606 -0.0430
vn 0.3850 0.8287 0.4061
vn 0.9018 -0.2670 0.3399
vn 0.2115 0.6382 0.7402
vn 0.5114 0.6543 0.5570
vn -0.8622 0.4413 0.2488
vn -0.9252 0.3751 0.0572
vn 0.8587 -0.3265 0.3950
vn 0.8776 -0.0365 0.4780
vn 0.2677 0.2427 0.9324
vn -0.8125 -0.5764 0.0872
vn -0.6925 -0.7200 -0.0450
vn 0.6802 -0.5765 -0.4527
vn 0.9277 0.3679 -0.0630
vn 0.8816 0.4013 0.2484
vn 0.5880 -0.6345 0.5017
vn -0.9440 0.2675 -0.1931
vn -0.1929 0.3821 -0.9038
vn -0.5068 -0.4172 -0.7544
vn -0.6321 -0.5240 0.5709
vn 0.4370 0.3470 0.8298
vn -0.4028 0.3967 0.8249
vn -0.8418 0.1476 0.5193
vn -0.8006 0.4704 0.3711
vn -0.8123 0.5828 0.0218
vn -0.8555 0.4440 -0.2665
vn 0.4252 -0.0212 -0.9049
vn -0.5796 -0.5710 -0.5813
vn -0.4370 0.3470 0.8298
vn -0.8965 0.4406 0.0475
vn 0.0866 0.7437 -0.6629
vn -0.2845 0.7290 -0.6227
vn 0.7792 -0.4661 0.4190
vn 0.9028 0.0318 0.4289
vn 0.2845 0.7289 -0.6227
vn -0.0866 0.7437 -0.6629
vn 0.1913 0.7500 -0.6332
vn -0.2464 0.7905 -0.5606
vn -0.9028 0.0318 0.4289
vn 0.9252 0.3751 0.0572
vn 0.8622 0.4413 0.2488
vn -0.0320 0.5105 0.8593
vn 0.0931 0.7127 0.6953
vn 0.0540 0.7331 0.6780
vn 0.0077 0.5125 0.8587
vn -0.2358 0.9288 0.2859
vn 0.3094 0.9008 0.3046
vn 0.4436 0.7310 -0.5185
vn -0.9259 0.3774 -0.0167
vn -0.8976 0.1551 0.4126
vn 0.8436 0.4826 0.2356
vn 0.4799 0.4266 0.7667
vn -0.2440 0.9360 0.2537
vn -0.4091 0.8211 -0.3980
vn 0.2441 0.9360 0.2538
vn 0.1153 0.9931 -0.0226
vn 0.3488 0.9352 0.0609
vn -0.2298 0.9730 -0.0227
vn -0.8748 0.4833 0.0333
vn -0.8478 0.5275 -0.0547
vn -0.1803 0.9797 0.0878
vn 0.8824 0.4656 0.0677
vn 0.3192 0.9476 -0.0089
vn 0.2477 0.9636 0.1006
vn 0.8431 0.5264 -0.1103
vn 0.6736 -0.6976 -0.2442
vn 0.8006 0.4704 0.3711
vn 0.3723 0.9068 0.1978
vn -0.2703 0.9294 0.2513
vn 0.2298 0.9730 -0.0227
vn 0.1803 0.9797 0.0878
vn 0.8478 0.5275 -0.0547
vn 0.8748 0.4833 0.0333
vn -0.3305 0.9314 -0.1528
vn -0.3958 0.8887 0.2313
vn 0.6925 -0.7200 -0.0450
vn 0.8301 0.4312 0.3536
vn -0.3962 0.7047 0.5886
vn 0.3582 0.7431 0.5652
vn -0.3580 0.7469 0.5603
vn -0.9234 0.2357 0.3028
vn 0.3962 0.7047 0.5886
vn -0.2273 0.9724 0.0533
vn -0.8633 0.4950 0.0985
vn 0.8877 0.4499 0.0977
vn 0.3408 0.9360 0.0879
vn 0.6490 -0.6447 0.4038
vn -0.6739 -0.6867 0.2725
vn 0.8632 0.4951 0.0985
vn 0.2273 0.9724 0.0533
vn -0.3393 0.9406 -0.0147
vn -0.6154 -0.6766 0.4043
vn -0.8889 0.4475 0.0977
vn 0.6556 -0.7145 -0.2442
vn -0.0000 0.0401 -0.9992
vt 0.618439 0.574766
vt 0.618542 0.618960
vt 0.594808 0.615402
vt 0.592092 0.561523
vt 0.773170 0.551138
vt 0.792575 0.542140
vt 0.795430 0.603771
vt 0.779706 0.610197
vt 0.810113 0.740620
vt 0.810707 0.691296
vt 0.846417 0.686270
vt 0.846411 0.731606
vt 0.593838 0.758546
vt 0.591248 0.697412
vt 0.613254 0.711775
vt 0.616665 0.759298
vt 0.810578 0.939856
vt 0.777451 0.923025
vt 0.789232 0.886099
vt 0.817818 0.924455
vt 0.596886 0.871285
vt 0.599734 0.828488
vt 0.619766 0.822720
vt 0.615040 0.870036
vt 0.824348 0.877276
vt 0.829841 0.903719
vt 0.561289 0.758902
vt 0.561310 0.689696
vt 0.815493 0.543619
vt 0.817650 0.598317
vt 0.561273 0.832325
vt 0.817075 0.822218
vt 0.783100 0.828001
vt 0.793592 0.751021
vt 0.788824 0.714626
vt 0.561266 0.880529
vt 0.767867 0.907942
vt 0.780102 0.879477
vt 0.777189 0.829312
vt 0.770225 0.786595
vt 0.637262 0.713920
vt 0.642033 0.720946
vt 0.623432 0.765574
vt 0.623934 0.742408
vt 0.681842 0.727567
vt 0.684531 0.760820
vt 0.670529 0.773690
vt 0.671438 0.728662
vt 0.761789 0.734694
vt 0.768239 0.714222
vt 0.777521 0.749167
vt 0.561341 0.612594
vt 0.561369 0.557349
vt 0.792806 0.643231
vt 0.778172 0.643765
vt 0.644708 0.524668
vt 0.636950 0.583483
vt 0.621571 0.518699
vt 0.631334 0.616187
vt 0.846423 0.631841
vt 0.815324 0.637054
vt 0.630803 0.692180
vt 0.846429 0.546556
vt 0.846426 0.594743
vt 0.624559 0.824370
vt 0.624483 0.872573
vt 0.622155 0.875391
vt 0.624250 0.889828
vt 0.641687 0.899919
vt 0.631366 0.909053
vt 0.593376 0.928964
vt 0.604848 0.896756
vt 0.607356 0.947678
vt 0.846394 0.902936
vt 0.831496 0.908190
vt 0.831398 0.904671
vt 0.846394 0.900169
vt 0.768523 0.504841
vt 0.779946 0.464860
vt 0.592327 0.512825
vt 0.596183 0.431242
vt 0.639854 0.436243
vt 0.652718 0.479718
vt 0.811342 0.467187
vt 0.561395 0.513826
vt 0.561456 0.428771
vt 0.846432 0.467126
vt 0.758683 0.744304
vt 0.561263 0.921149
vt 0.561265 0.898829
vt 0.589625 0.896999
vt 0.565965 0.919955
vt 0.846401 0.812768
vt 0.836051 0.821181
vt 0.834306 0.875398
vt 0.705432 0.813120
vt 0.722606 0.813885
vt 0.724246 0.845118
vt 0.704797 0.844905
vt 0.707986 0.770354
vt 0.707730 0.741548
vt 0.720216 0.745538
vt 0.720206 0.775094
vt 0.751219 0.813889
vt 0.756109 0.857802
vt 0.690579 0.822546
vt 0.696344 0.846116
vt 0.679038 0.861197
vt 0.672411 0.830253
vt 0.686626 0.794150
vt 0.670586 0.800957
vt 0.647770 0.811534
vt 0.648650 0.771974
vt 0.339435 0.797755
vt 0.338758 0.790896
vt 0.347812 0.790917
vt 0.348787 0.797755
vt 0.365721 0.728212
vt 0.373189 0.721135
vt 0.363031 0.684017
vt 0.355264 0.694300
vt 0.387442 0.684037
vt 0.377711 0.684744
vt 0.378434 0.713277
vt 0.387062 0.711071
vt 0.368943 0.781221
vt 0.377472 0.773606
vt 0.334319 0.750145
vt 0.328647 0.720997
vt 0.336209 0.715521
vt 0.343635 0.745905
vt 0.418780 0.692127
vt 0.418260 0.714636
vt 0.408994 0.712129
vt 0.409912 0.690102
vt 0.377711 0.754775
vt 0.386791 0.750143
vt 0.417535 0.748017
vt 0.409506 0.743022
vt 0.396078 0.710139
vt 0.400624 0.709588
vt 0.400763 0.686218
vt 0.396019 0.684201
vt 0.402774 0.688105
vt 0.402682 0.710215
vt 0.395718 0.747460
vt 0.401381 0.741816
vt 0.403492 0.740804
vt 0.347614 0.703223
vt 0.343843 0.708685
vt 0.353409 0.740447
vt 0.357683 0.735693
vt 0.351001 0.742081
vt 0.342111 0.710599
vt 0.360356 0.785733
vt 0.356566 0.788563
vt 0.356656 0.797755
vt 0.360397 0.797755
vt 0.354627 0.797755
vt 0.354531 0.789947
vt 0.369196 0.797755
vt 0.377679 0.797755
vt 0.747461 0.890186
vt 0.649884 0.844345
vt 0.658807 0.878932
vt 0.747389 0.783414
vt 0.701401 0.870605
vt 0.722908 0.878890
vt 0.745147 0.747297
vt 0.651065 0.730266
vt 0.835575 0.876089
vt 0.846400 0.816082
vt 0.837266 0.822498
vt 0.846395 0.876511
vt 0.846399 0.828880
vt 0.833226 0.916952
vt 0.831353 0.903786
vt 0.504258 0.574529
vt 0.530635 0.561390
vt 0.527863 0.615282
vt 0.504111 0.618760
vt 0.919702 0.551171
vt 0.913154 0.610247
vt 0.897427 0.603807
vt 0.900293 0.542161
vt 0.882706 0.740657
vt 0.882126 0.691330
vt 0.528735 0.758479
vt 0.505899 0.759187
vt 0.509337 0.711647
vt 0.531361 0.697334
vt 0.882181 0.939853
vt 0.874952 0.924449
vt 0.903542 0.886143
vt 0.915306 0.923078
vt 0.525642 0.871244
vt 0.507482 0.869973
vt 0.502771 0.822631
vt 0.522808 0.828431
vt 0.862943 0.903714
vt 0.868438 0.877284
vt 0.877369 0.543630
vt 0.875203 0.598336
vt 0.875723 0.822244
vt 0.899224 0.751077
vt 0.909691 0.828064
vt 0.904004 0.714686
vt 0.912671 0.879535
vt 0.924893 0.908013
vt 0.922579 0.786679
vt 0.915601 0.829382
vt 0.485313 0.713742
vt 0.498635 0.742274
vt 0.499126 0.765453
vt 0.480534 0.720765
vt 0.440699 0.727329
vt 0.451108 0.728441
vt 0.452001 0.773497
vt 0.437995 0.760599
vt 0.931034 0.734790
vt 0.915296 0.749243
vt 0.924591 0.714308
vt 0.914679 0.643828
vt 0.900042 0.643278
vt 0.478022 0.524261
vt 0.501188 0.518400
vt 0.485719 0.583177
vt 0.491311 0.615941
vt 0.877522 0.637079
vt 0.491788 0.691997
vt 0.500362 0.875322
vt 0.498033 0.872499
vt 0.497975 0.824274
vt 0.498261 0.889763
vt 0.491137 0.908991
vt 0.480812 0.899838
vt 0.529141 0.928948
vt 0.515149 0.947659
vt 0.517671 0.896715
vt 0.861388 0.904669
vt 0.861290 0.908188
vt 0.912930 0.464860
vt 0.924355 0.504858
vt 0.483005 0.435773
vt 0.526717 0.431028
vt 0.530458 0.512669
vt 0.470067 0.479219
vt 0.881525 0.467187
vt 0.934135 0.744405
vt 0.556562 0.919953
vt 0.532899 0.896973
vt 0.856748 0.821189
vt 0.858482 0.875401
vt 0.987357 0.813292
vt 0.987980 0.845075
vt 0.968533 0.845259
vt 0.970185 0.814032
vt 0.984819 0.770527
vt 0.972598 0.775248
vt 0.972599 0.745695
vt 0.985085 0.741724
vt 0.941574 0.813995
vt 0.936669 0.857897
vt 0.431920 0.822352
vt 0.450095 0.830091
vt 0.443454 0.861041
vt 0.426143 0.845928
vt 0.435886 0.793945
vt 0.451933 0.800780
vt 0.474757 0.811397
vt 0.473892 0.771814
vt 0.347812 0.804592
vt 0.338758 0.804613
vt 0.365721 0.867297
vt 0.355264 0.901210
vt 0.363031 0.911493
vt 0.373189 0.874374
vt 0.409049 0.754859
vt 0.409429 0.781893
vt 0.418057 0.784098
vt 0.418780 0.755565
vt 0.368943 0.814288
vt 0.377472 0.821903
vt 0.334319 0.845364
vt 0.343635 0.849604
vt 0.336209 0.879989
vt 0.328647 0.874513
vt 0.377711 0.762948
vt 0.386579 0.760924
vt 0.387497 0.782951
vt 0.378231 0.785457
vt 0.409700 0.820964
vt 0.418780 0.825596
vt 0.386985 0.813843
vt 0.378956 0.818839
vt 0.400413 0.780961
vt 0.400472 0.755023
vt 0.395728 0.757040
vt 0.395867 0.780410
vt 0.393809 0.781037
vt 0.393717 0.758927
vt 0.400773 0.818281
vt 0.395110 0.812638
vt 0.392999 0.811626
vt 0.347614 0.892287
vt 0.357683 0.859816
vt 0.353409 0.855062
vt 0.343843 0.886824
vt 0.342111 0.884911
vt 0.351001 0.853429
vt 0.360356 0.809776
vt 0.356566 0.806946
vt 0.354531 0.805562
vt 0.945303 0.890289
vt 0.472630 0.844222
vt 0.463690 0.878816
vt 0.945415 0.783529
vt 0.991366 0.870777
vt 0.969858 0.879030
vt 0.947670 0.747418
vt 0.471493 0.730077
vt 0.857213 0.876093
vt 0.855533 0.822506
vt 0.859559 0.916934
vt 0.861432 0.903781
vt 0.274497 0.165077
vt 0.281032 0.163707
vt 0.277231 0.157864
vt 0.270023 0.163532
vt 0.289929 0.170754
vt 0.293143 0.176190
vt 0.283932 0.169763
vt 0.279992 0.164146
vt 0.283658 0.169468
vt 0.443821 0.193703
vt 0.437949 0.175064
vt 0.461920 0.176472
vt 0.468428 0.197038
vt 0.436189 0.197735
vt 0.440695 0.176484
vt 0.418241 0.173626
vt 0.413706 0.192997
vt 0.281904 0.182592
vt 0.272476 0.181376
vt 0.477205 0.176511
vt 0.483960 0.198107
vt 0.415244 0.188112
vt 0.410322 0.171119
vt 0.286104 0.211110
vt 0.284832 0.236040
vt 0.280055 0.244158
vt 0.282347 0.213924
vt 0.356385 0.207493
vt 0.359254 0.181766
vt 0.321664 0.178228
vt 0.318037 0.201655
vt 0.267704 0.183200
vt 0.295730 0.188922
vt 0.295059 0.207435
vt 0.286509 0.187220
vt 0.279913 0.201498
vt 0.484911 0.222053
vt 0.483917 0.248720
vt 0.467551 0.245020
vt 0.468963 0.219653
vt 0.385383 0.181762
vt 0.380287 0.163188
vt 0.282734 0.185563
vt 0.277025 0.182866
vt 0.273267 0.157035
vt 0.459226 0.272969
vt 0.433749 0.263196
vt 0.442111 0.237357
vt 0.456205 0.268968
vt 0.450505 0.229490
vt 0.433833 0.224922
vt 0.438771 0.263896
vt 0.465061 0.272161
vt 0.484826 0.280779
vt 0.488562 0.282018
vt 0.469000 0.273790
vt 0.414762 0.254761
vt 0.391099 0.245955
vt 0.406379 0.253469
vt 0.358697 0.245663
vt 0.375417 0.254325
vt 0.318667 0.236808
vt 0.335600 0.247200
vt 0.410870 0.218092
vt 0.492368 0.250627
vt 0.476222 0.277889
vt 0.443886 0.214203
vt 0.458939 0.232228
vt 0.460131 0.203393
vt 0.452087 0.201372
vt 0.393925 0.170394
vt 0.390338 0.188271
vt 0.462585 0.233908
vt 0.463636 0.204548
vt 0.497116 0.223386
vt 0.496231 0.251550
vt 0.493242 0.223033
vt 0.269738 0.177766
vt 0.264685 0.152308
vt 0.485096 0.176061
vt 0.492130 0.198212
vt 0.280024 0.230262
vt 0.270413 0.208538
vt 0.270905 0.250599
vt 0.488763 0.175941
vt 0.495925 0.198143
vt 0.471843 0.169845
vt 0.456397 0.169458
vt 0.456111 0.179045
vt 0.413493 0.228863
vt 0.415169 0.207205
vt 0.463939 0.180302
vt 0.479762 0.169649
vt 0.349248 0.182762
vt 0.343785 0.165693
vt 0.265449 0.219356
vt 0.254762 0.263289
vt 0.388040 0.211526
vt 0.383218 0.227638
vt 0.385139 0.203538
vt 0.345332 0.225745
vt 0.363203 0.162153
vt 0.325904 0.160968
vt 0.292966 0.241261
vt 0.293578 0.225205
vt 0.259954 0.226842
vt 0.242146 0.257357
vt 0.405917 0.165139
vt 0.375638 0.156715
vt 0.483407 0.169720
vt 0.467444 0.181080
vt 0.264893 0.165140
vt 0.263061 0.187808
vt 0.255261 0.192613
vt 0.251981 0.226875
vt 0.239767 0.235419
vt 0.245340 0.231597
vt 0.246246 0.201244
vt 0.237893 0.208549
vt 0.273111 0.245055
vt 0.276808 0.212971
vt 0.239773 0.255146
vt 0.264216 0.272315
vt 0.256755 0.266542
vt 0.253775 0.264460
vt 0.266932 0.242757
vt 0.278912 0.261694
vt 0.256572 0.167800
vt 0.270466 0.151713
vt 0.270242 0.210339
vt 0.348333 0.203895
vt 0.254248 0.169369
vt 0.261443 0.168230
vt 0.263120 0.209002
vt 0.256398 0.209401
vt 0.260927 0.242566
vt 0.255755 0.241233
vt 0.250479 0.262247
vt 0.247285 0.262321
vt 0.241624 0.256983
vt 0.239040 0.256503
vt 0.246415 0.172543
vt 0.251069 0.149997
vt 0.244260 0.149905
vt 0.237574 0.176133
vt 0.231333 0.256361
vt 0.239358 0.257482
vt 0.244260 0.259954
vt 0.236350 0.257583
vt 0.261109 0.149140
vt 0.255500 0.148878
vt 0.249334 0.149982
vt 0.338436 0.159150
vt 0.432672 0.168329
vt 0.227522 0.150528
vt 0.227422 0.167952
vt 0.233361 0.170271
vt 0.237302 0.150427
vt 0.231514 0.217491
vt 0.232674 0.231520
vt 0.237103 0.232253
vt 0.235439 0.217110
vt 0.240771 0.203171
vt 0.238045 0.183418
vt 0.249122 0.176663
vt 0.251462 0.200783
vt 0.235439 0.170113
vt 0.234168 0.153404
vt 0.242430 0.152291
vt 0.247439 0.169510
vt 0.241634 0.239816
vt 0.250807 0.242363
vt 0.241368 0.174877
vt 0.246952 0.173696
vt 0.233281 0.175738
vt 0.233601 0.182882
vt 0.232821 0.174772
vt 0.228485 0.183761
vt 0.237281 0.236579
vt 0.237259 0.236609
vt 0.232927 0.241051
vt 0.237434 0.240741
vt 0.245493 0.235129
vt 0.250969 0.236740
vt 0.242403 0.231619
vt 0.252312 0.232734
vt 0.252021 0.213511
vt 0.250830 0.206864
vt 0.242391 0.215116
vt 0.245549 0.206764
vt 0.234513 0.204832
vt 0.234902 0.211423
vt 0.230475 0.203844
vt 0.235503 0.210496
vt 0.237360 0.233874
vt 0.240989 0.235871
vt 0.237488 0.238941
vt 0.236377 0.212330
vt 0.240078 0.208524
vt 0.235826 0.205165
vt 0.232750 0.178542
vt 0.235716 0.172657
vt 0.230495 0.170295
vt 0.214018 0.252802
vt 0.217419 0.254585
vt 0.216708 0.254158
vt 0.196763 0.248712
vt 0.193586 0.248080
vt 0.193187 0.211782
vt 0.190983 0.209876
vt 0.189383 0.209908
vt 0.189315 0.217881
vt 0.191125 0.220905
vt 0.192790 0.219807
vt 0.217656 0.239225
vt 0.220508 0.227340
vt 0.219839 0.211977
vt 0.218170 0.236434
vt 0.221937 0.236919
vt 0.218145 0.237106
vt 0.215095 0.214018
vt 0.215956 0.227263
vt 0.193282 0.190082
vt 0.194462 0.192360
vt 0.194933 0.191544
vt 0.194584 0.182895
vt 0.194086 0.181165
vt 0.193305 0.182017
vt 0.212817 0.226252
vt 0.216693 0.227358
vt 0.216377 0.229035
vt 0.192090 0.223540
vt 0.190092 0.221838
vt 0.215226 0.209316
vt 0.215904 0.209504
vt 0.214101 0.179277
vt 0.214603 0.179845
vt 0.212008 0.182964
vt 0.194124 0.180576
vt 0.195225 0.178459
vt 0.193456 0.223208
vt 0.216201 0.199797
vt 0.215345 0.198760
vt 0.196865 0.194184
vt 0.195465 0.195269
vt 0.213401 0.182861
vt 0.196186 0.181253
vt 0.213286 0.197423
vt 0.216488 0.197935
vt 0.194950 0.192865
vt 0.197263 0.162892
vt 0.196961 0.157283
vt 0.195908 0.157896
vt 0.195983 0.163231
vt 0.197626 0.164974
vt 0.220321 0.198938
vt 0.218645 0.183369
vt 0.211725 0.155847
vt 0.212139 0.168844
vt 0.196959 0.167301
vt 0.196637 0.156550
vt 0.214426 0.168986
vt 0.214779 0.168666
vt 0.218592 0.169527
vt 0.214011 0.166854
vt 0.213330 0.152796
vt 0.198198 0.153933
vt 0.199250 0.165297
vt 0.197987 0.166935
vt 0.243940 0.290886
vt 0.240096 0.286924
vt 0.230534 0.281279
vt 0.235514 0.289094
vt 0.229877 0.275509
vt 0.229555 0.296658
vt 0.225386 0.290117
vt 0.218892 0.306529
vt 0.221058 0.313045
vt 0.238599 0.279772
vt 0.219505 0.296336
vt 0.223329 0.295700
vt 0.224494 0.300778
vt 0.224458 0.313018
vt 0.192235 0.245863
vt 0.191852 0.235283
vt 0.192906 0.234184
vt 0.195197 0.234816
vt 0.194703 0.233523
vt 0.196271 0.246237
vt 0.190162 0.209296
vt 0.191236 0.207838
vt 0.195852 0.236283
vt 0.224047 0.285427
vt 0.229162 0.289336
vt 0.234641 0.300677
vt 0.231166 0.294820
vt 0.214133 0.236419
vt 0.221717 0.254113
vt 0.212467 0.211048
vt 0.218024 0.155189
vt 0.214076 0.153561
vt 0.217960 0.253664
vt 0.218102 0.236824
vt 0.216669 0.226810
vt 0.216136 0.211495
vt 0.215309 0.183159
vt 0.216781 0.198242
vt 0.214827 0.155642
vt 0.215326 0.169244
vt 0.274497 0.165077
vt 0.410322 0.171118
vt 0.284832 0.236039
vt 0.484911 0.222053
vt 0.380287 0.163188
vt 0.273266 0.157035
vt 0.484826 0.280779
vt 0.460131 0.203393
vt 0.269738 0.177766
vt 0.325904 0.160968
vt 0.259953 0.226842
vt 0.264893 0.165140
vt 0.251981 0.226875
vt 0.239767 0.235419
vt 0.245340 0.231596
vt 0.273111 0.245054
vt 0.239773 0.255146
vt 0.266931 0.242756
vt 0.261442 0.168230
vt 0.255755 0.241234
vt 0.241624 0.256982
vt 0.237573 0.176133
vt 0.244260 0.149905
vt 0.236350 0.257583
vt 0.239358 0.257482
vt 0.255500 0.148878
vt 0.249334 0.149982
vt 0.338436 0.159150
vt 0.237301 0.150427
vt 0.233361 0.170271
vt 0.227422 0.167952
vt 0.231514 0.217491
vt 0.237103 0.232253
vt 0.238045 0.183418
vt 0.250807 0.242363
vt 0.241634 0.239816
vt 0.246952 0.173696
vt 0.241368 0.174876
vt 0.233601 0.182882
vt 0.233281 0.175737
vt 0.232821 0.174772
vt 0.237258 0.236609
vt 0.250969 0.236740
vt 0.245493 0.235128
vt 0.242403 0.231619
vt 0.252021 0.213511
vt 0.245549 0.206764
vt 0.235716 0.172657
vt 0.214017 0.252802
vt 0.193585 0.248080
vt 0.193187 0.211782
vt 0.189382 0.209908
vt 0.217656 0.239225
vt 0.218169 0.236434
vt 0.193282 0.190082
vt 0.194933 0.191544
vt 0.194462 0.192359
vt 0.190092 0.221838
vt 0.215903 0.209504
vt 0.214101 0.179277
vt 0.212008 0.182964
vt 0.214602 0.179845
vt 0.216201 0.199797
vt 0.215344 0.198760
vt 0.194950 0.192864
vt 0.216489 0.197934
vt 0.195908 0.157896
vt 0.220321 0.198938
vt 0.218645 0.183369
vt 0.211724 0.155847
vt 0.196637 0.156550
vt 0.212139 0.168844
vt 0.218592 0.169527
vt 0.214779 0.168666
vt 0.199249 0.165297
vt 0.213330 0.152796
vt 0.243940 0.290886
vt 0.229877 0.275509
vt 0.218891 0.306528
vt 0.224457 0.313018
vt 0.223329 0.295699
vt 0.192906 0.234183
vt 0.194703 0.233523
vt 0.196271 0.246237
vt 0.231165 0.294820
vt 0.216669 0.226809
vt 0.216136 0.211495
vt 0.215309 0.183158
vt 0.216781 0.198241
vt 0.159468 0.049544
vt 0.166466 0.044813
vt 0.163294 0.132307
vt 0.158257 0.131847
vt 0.133641 0.263469
vt 0.138644 0.324147
vt 0.124000 0.329400
vt 0.120683 0.266240
vt 0.072425 0.139313
vt 0.069892 0.239618
vt 0.053150 0.233075
vt 0.057571 0.134963
vt 0.142126 0.136212
vt 0.146306 0.207687
vt 0.131632 0.211422
vt 0.129829 0.138797
vt 0.110310 0.139618
vt 0.109642 0.241685
vt 0.099207 0.242850
vt 0.100941 0.139929
vt 0.075625 0.038121
vt 0.076299 0.025833
vt 0.089014 0.028984
vt 0.088386 0.041352
vt 0.129795 0.035015
vt 0.127846 0.028161
vt 0.137906 0.024680
vt 0.140339 0.033271
vt 0.087644 0.053930
vt 0.098230 0.057305
vt 0.087509 0.140912
vt 0.064248 0.029750
vt 0.065693 0.014245
vt 0.084371 0.242945
vt 0.048189 0.229436
vt 0.053102 0.133409
vt 0.118915 0.036698
vt 0.119778 0.029305
vt 0.100604 0.030891
vt 0.098802 0.040469
vt 0.150713 0.016948
vt 0.155828 0.008449
vt 0.162577 0.023157
vt 0.155418 0.026623
vt 0.169893 0.226944
vt 0.177699 0.305204
vt 0.172111 0.308086
vt 0.166728 0.251629
vt 0.169879 0.226945
vt 0.162804 0.202560
vt 0.119794 0.213302
vt 0.119280 0.138815
vt 0.109664 0.241682
vt 0.080033 0.328470
vt 0.063113 0.320171
vt 0.045335 0.309200
vt 0.154927 0.316587
vt 0.149576 0.258232
vt 0.111239 0.331539
vt 0.148915 0.742827
vt 0.154336 0.684552
vt 0.171525 0.693147
vt 0.166041 0.749556
vt 0.098306 0.332868
vt 0.040431 0.306181
vt 0.110374 0.027474
vt 0.110016 0.013251
vt 0.121267 0.015025
vt 0.145461 0.019435
vt 0.153015 0.001288
vt 0.128174 0.012174
vt 0.139013 0.013812
vt 0.076421 0.013939
vt 0.090373 0.016357
vt 0.067397 0.008978
vt 0.099355 0.018634
vt 0.061114 0.005158
vt 0.064637 0.000218
vt 0.058057 0.023146
vt 0.118081 0.052001
vt 0.129878 0.051399
vt 0.108351 0.056343
vt 0.108133 0.037881
vt 0.158282 0.951491
vt 0.157290 0.869211
vt 0.162327 0.868802
vt 0.165265 0.956293
vt 0.074418 0.052912
vt 0.142315 0.055734
vt 0.055258 0.044815
vt 0.061579 0.046947
vt 0.133012 0.737467
vt 0.138141 0.676993
vt 0.057375 0.354762
vt 0.075500 0.368165
vt 0.094647 0.377559
vt 0.115568 0.372478
vt 0.062739 0.680055
vt 0.057104 0.645445
vt 0.075238 0.632228
vt 0.079661 0.671950
vt 0.174764 0.341636
vt 0.181538 0.335697
vt 0.039782 0.339507
vt 0.033727 0.334292
vt 0.133257 0.370341
vt 0.147282 0.363767
vt 0.161293 0.353220
vt 0.158285 0.408394
vt 0.171705 0.390897
vt 0.181176 0.418256
vt 0.168461 0.445029
vt 0.182944 0.376225
vt 0.189333 0.367964
vt 0.197769 0.387564
vt 0.192747 0.396688
vt 0.036019 0.420570
vt 0.050225 0.453605
vt 0.020311 0.477171
vt 0.015323 0.452100
vt 0.212598 0.425895
vt 0.201522 0.452046
vt 0.061647 0.484081
vt 0.021206 0.492880
vt 0.021232 0.392969
vt 0.003935 0.423076
vt 0.195733 0.476388
vt 0.016309 0.383763
vt 0.000218 0.415048
vt 0.216045 0.418379
vt 0.156197 0.476748
vt 0.194557 0.491347
vt 0.115956 0.490004
vt 0.114008 0.500222
vt 0.062659 0.499954
vt 0.194445 0.501142
vt 0.154766 0.500361
vt 0.021226 0.500174
vt 0.149443 0.983981
vt 0.154173 0.974360
vt 0.161319 0.977899
vt 0.154534 0.992530
vt 0.120087 0.734569
vt 0.123580 0.671523
vt 0.056675 0.865039
vt 0.052536 0.766948
vt 0.069280 0.760600
vt 0.071531 0.860854
vt 0.169143 0.774261
vt 0.177111 0.696042
vt 0.169158 0.774262
vt 0.100028 0.860546
vt 0.098573 0.757695
vt 0.108993 0.758972
vt 0.109390 0.860955
vt 0.106940 0.962607
vt 0.117713 0.963904
vt 0.118555 0.971303
vt 0.109151 0.973033
vt 0.128583 0.965702
vt 0.139117 0.967557
vt 0.136663 0.976117
vt 0.126617 0.972532
vt 0.087212 0.958927
vt 0.097621 0.959921
vt 0.099395 0.969513
vt 0.087806 0.971295
vt 0.063055 0.970261
vt 0.074450 0.962018
vt 0.075089 0.974307
vt 0.064456 0.985774
vt 0.086608 0.859420
vt 0.083753 0.757436
vt 0.052205 0.866542
vt 0.047569 0.770527
vt 0.073284 0.947222
vt 0.086505 0.946348
vt 0.141153 0.945124
vt 0.141178 0.864685
vt 0.162011 0.798576
vt 0.145535 0.793299
vt 0.118351 0.861851
vt 0.119060 0.787430
vt 0.130882 0.789427
vt 0.128895 0.861977
vt 0.109015 0.758975
vt 0.044953 0.690817
vt 0.110844 0.669210
vt 0.097926 0.667757
vt 0.040047 0.693778
vt 0.120005 0.985593
vt 0.108754 0.987246
vt 0.151703 0.999659
vt 0.144200 0.981440
vt 0.137740 0.986992
vt 0.126901 0.988515
vt 0.089130 0.983930
vt 0.075178 0.986196
vt 0.066146 0.991057
vt 0.098113 0.981750
vt 0.063362 0.999782
vt 0.059855 0.994807
vt 0.056849 0.976795
vt 0.116921 0.948601
vt 0.128711 0.949327
vt 0.107208 0.944157
vt 0.097094 0.943088
vt 0.060435 0.953045
vt 0.054113 0.955107
vt 0.094382 0.623032
vt 0.115311 0.628318
vt 0.174190 0.659537
vt 0.180978 0.665463
vt 0.033442 0.665636
vt 0.039492 0.660490
vt 0.133044 0.630629
vt 0.147130 0.637991
vt 0.160863 0.648245
vt 0.120099 0.563946
vt 0.116382 0.511114
vt 0.155878 0.523899
vt 0.143754 0.576225
vt 0.064493 0.577636
vt 0.050222 0.546582
vt 0.061794 0.515972
vt 0.079188 0.564031
vt 0.158406 0.593238
vt 0.168722 0.556974
vt 0.180945 0.583164
vt 0.171440 0.610333
vt 0.030420 0.627103
vt 0.021150 0.606944
vt 0.035916 0.579570
vt 0.047079 0.603075
vt 0.182489 0.624934
vt 0.192058 0.604225
vt 0.197062 0.613294
vt 0.188824 0.633044
vt 0.015348 0.548009
vt 0.020374 0.523017
vt 0.201004 0.550011
vt 0.211754 0.575745
vt 0.021222 0.507466
vt 0.003937 0.576848
vt 0.195485 0.525830
vt 0.016206 0.616108
vt 0.000218 0.584823
vt 0.215120 0.583165
vt 0.194464 0.510961
vt 0.024189 0.635879
vt 0.024286 0.363893
vt 0.030619 0.372913
vt 0.047236 0.397086
vt 0.064601 0.422698
vt 0.079286 0.436505
vt 0.119863 0.437072
vt 0.143727 0.424976
vt 0.444014 0.648935
vt 0.439509 0.662993
vt 0.433132 0.654893
vt 0.439674 0.629325
vt 0.449777 0.421465
vt 0.442593 0.422674
vt 0.439660 0.410066
vt 0.444046 0.390482
vt 0.449827 0.618016
vt 0.442642 0.616752
vt 0.444417 0.587857
vt 0.453060 0.586174
vt 0.471554 0.519681
vt 0.453483 0.519739
vt 0.451432 0.498422
vt 0.463026 0.495992
vt 0.463084 0.543451
vt 0.451483 0.541070
vt 0.448778 0.558461
vt 0.458858 0.568675
vt 0.458760 0.470806
vt 0.448682 0.481039
vt 0.444329 0.451597
vt 0.452964 0.453316
vt 0.412955 0.541332
vt 0.412270 0.554457
vt 0.410418 0.578085
vt 0.408076 0.600688
vt 0.406348 0.611028
vt 0.413332 0.519987
vt 0.412891 0.498645
vt 0.408015 0.438562
vt 0.406281 0.427982
vt 0.410329 0.461112
vt 0.412130 0.484695
vt 0.433200 0.384420
vt 0.439593 0.376380
vt 0.165181 0.235322
vt 0.163935 0.218786
vt 0.120017 0.230898
vt 0.120341 0.248757
vt 0.163180 0.782366
vt 0.164462 0.765846
vt 0.119699 0.752023
vt 0.119329 0.769855
vt 0.148448 0.242571
vt 0.147245 0.223848
vt 0.132894 0.247271
vt 0.132153 0.227999
vt 0.147755 0.758462
vt 0.146511 0.777158
vt 0.132229 0.753631
vt 0.131443 0.772872
vt 0.156529 0.036701
vt 0.138724 0.040941
vt 0.158577 0.042361
vt 0.141948 0.047416
vt 0.119132 0.042017
vt 0.108169 0.044792
vt 0.118744 0.048137
vt 0.108208 0.050625
vt 0.129377 0.040728
vt 0.128334 0.047842
vt 0.087998 0.045668
vt 0.075263 0.042080
vt 0.087680 0.049294
vt 0.074804 0.046678
vt 0.063265 0.035627
vt 0.062367 0.040794
vt 0.098531 0.045354
vt 0.098410 0.050843
vt 0.164097 0.030660
vt 0.165268 0.037311
vt 0.056947 0.031202
vt 0.056338 0.037706
vt 0.137524 0.959872
vt 0.155310 0.964298
vt 0.140765 0.953434
vt 0.157372 0.958662
vt 0.106994 0.955700
vt 0.117945 0.958590
vt 0.107050 0.949870
vt 0.117573 0.952470
vt 0.128181 0.959987
vt 0.127158 0.952865
vt 0.074098 0.958058
vt 0.086837 0.954609
vt 0.073652 0.953457
vt 0.086529 0.950981
vt 0.062090 0.964377
vt 0.061207 0.959203
vt 0.097363 0.955035
vt 0.097257 0.949549
vt 0.162858 0.970416
vt 0.164047 0.963780
vt 0.055762 0.968731
vt 0.055172 0.962224
vt 0.198537 0.745434
vt 0.201432 0.790395
vt 0.224639 0.782596
vt 0.218394 0.727627
vt 0.221946 0.499033
vt 0.242006 0.507849
vt 0.245709 0.474996
vt 0.228362 0.461955
vt 0.189356 0.799564
vt 0.192732 0.838056
vt 0.204622 0.833248
vt 0.254225 0.518351
vt 0.257991 0.483733
vt 0.209851 0.886047
vt 0.197976 0.890853
vt 0.211677 0.958685
vt 0.214760 0.928428
vt 0.251385 0.543264
vt 0.244564 0.559576
vt 0.222860 0.585400
vt 0.328349 0.541565
vt 0.325845 0.580669
vt 0.331396 0.578048
vt 0.339689 0.544918
vt 0.319889 0.728904
vt 0.292953 0.702624
vt 0.290851 0.727627
vt 0.310708 0.745434
vt 0.376305 0.507849
vt 0.372602 0.474996
vt 0.360320 0.483733
vt 0.364086 0.518351
vt 0.308715 0.531144
vt 0.308886 0.494621
vt 0.290585 0.495562
vt 0.289638 0.532033
vt 0.260787 0.583793
vt 0.267975 0.563668
vt 0.377723 0.416824
vt 0.351918 0.370427
vt 0.348279 0.404257
vt 0.364616 0.434955
vt 0.347253 0.567067
vt 0.334415 0.586094
vt 0.335482 0.597583
vt 0.352995 0.587490
vt 0.275401 0.766539
vt 0.260807 0.731113
vt 0.254649 0.732647
vt 0.267336 0.772103
vt 0.343570 0.491770
vt 0.346368 0.529112
vt 0.294485 0.928428
vt 0.290188 0.928533
vt 0.280161 0.958147
vt 0.297568 0.958685
vt 0.348888 0.421256
vt 0.353908 0.444664
vt 0.307813 0.790395
vt 0.284606 0.782596
vt 0.284192 0.826547
vt 0.304623 0.833248
vt 0.255909 0.626482
vt 0.350336 0.563668
vt 0.366926 0.543264
vt 0.270032 0.404257
vt 0.278269 0.406681
vt 0.283188 0.371855
vt 0.266394 0.370427
vt 0.219057 0.928533
vt 0.226641 0.920337
vt 0.229457 0.903157
vt 0.227981 0.880605
vt 0.357524 0.583793
vt 0.373747 0.559576
vt 0.396365 0.499033
vt 0.389949 0.461955
vt 0.216292 0.702624
vt 0.189356 0.728904
vt 0.335123 0.371855
vt 0.340042 0.406681
vt 0.225054 0.826547
vt 0.240477 0.823198
vt 0.241323 0.782417
vt 0.362403 0.626482
vt 0.395451 0.585400
vt 0.329459 0.626482
vt 0.357350 0.626028
vt 0.269423 0.421256
vt 0.271990 0.422306
vt 0.260961 0.626029
vt 0.288852 0.626482
vt 0.282829 0.597583
vt 0.265316 0.587490
vt 0.316513 0.838056
vt 0.319889 0.799564
vt 0.346321 0.422306
vt 0.271943 0.529111
vt 0.274741 0.491770
vt 0.289962 0.541565
vt 0.292466 0.580669
vt 0.306257 0.589188
vt 0.307936 0.541247
vt 0.328673 0.532033
vt 0.309596 0.531144
vt 0.310375 0.541246
vt 0.286252 0.725194
vt 0.221134 0.704157
vt 0.222993 0.725194
vt 0.233844 0.766539
vt 0.241909 0.772103
vt 0.271058 0.567067
vt 0.267922 0.782417
vt 0.288111 0.704157
vt 0.278622 0.544918
vt 0.254596 0.732647
vt 0.245581 0.695883
vt 0.244136 0.712278
vt 0.248438 0.731113
vt 0.312054 0.589188
vt 0.265109 0.712278
vt 0.263664 0.695883
vt 0.283896 0.586094
vt 0.286915 0.578048
vt 0.328119 0.450867
vt 0.340990 0.450449
vt 0.340441 0.438605
vt 0.331981 0.425454
vt 0.281264 0.880605
vt 0.266252 0.876902
vt 0.265587 0.918768
vt 0.279788 0.903157
vt 0.299394 0.886047
vt 0.282605 0.920337
vt 0.311269 0.890853
vt 0.268768 0.823198
vt 0.327726 0.495562
vt 0.310520 0.444987
vt 0.315328 0.404375
vt 0.290192 0.450868
vt 0.286330 0.425455
vt 0.277870 0.438605
vt 0.277321 0.450449
vt 0.307791 0.444987
vt 0.302983 0.404375
vt 0.229084 0.958147
vt 0.243658 0.918768
vt 0.242993 0.876902
vt 0.240588 0.416825
vt 0.253695 0.434955
vt 0.264403 0.444664
vt 0.276326 0.427651
vt 0.293853 0.383762
vt 0.282914 0.413432
vt 0.335397 0.413432
vt 0.341986 0.427651
vt 0.238501 0.943231
vt 0.324458 0.383762
vt 0.270744 0.943231
vt 0.309425 0.494621
vt 0.327350 0.472317
vt 0.341816 0.470418
vt 0.282853 0.853543
vt 0.268493 0.850164
vt 0.369018 0.453831
vt 0.384138 0.438652
vt 0.314164 0.864396
vt 0.302445 0.860149
vt 0.357594 0.463264
vt 0.310017 0.470203
vt 0.276495 0.470418
vt 0.290961 0.472317
vt 0.308294 0.470203
vt 0.206800 0.860149
vt 0.226392 0.853543
vt 0.240752 0.850164
vt 0.234173 0.438652
vt 0.249293 0.453831
vt 0.260717 0.463264
vt 0.195081 0.864396
vt 0.402367 0.631226
vt 0.402367 0.407734
s 1
usemtl Chr
f 62/1/1 24/2/2 22/3/3 61/4/4
f 31/5/5 13/6/6 60/7/7 63/8/8
f 43/9/9 46/10/10 5/11/11 1/12/12
f 15/13/13 21/14/14 23/15/15 16/16/16
f 36/17/17 29/18/18 11/19/19 26/20/20
f 69/21/21 38/22/22 37/23/23 71/24/24
f 26/20/20 11/19/19 12/25/25 25/26/26
f 2/27/27 3/28/28 21/14/14 15/13/13
f 14/29/29 59/30/30 60/7/7 13/6/6
f 38/22/22 15/13/13 16/16/16 37/23/23
f 8/31/31 2/27/27 15/13/13 38/22/22
f 44/32/32 41/33/33 42/34/34 43/9/9
f 42/34/34 45/35/35 46/10/10 43/9/9
f 67/36/36 8/31/31 38/22/22 69/21/21
f 29/18/18 32/37/37 18/38/38 11/19/19
f 41/33/33 39/39/39 19/40/40 42/34/34
f 30/41/41 33/42/42 20/43/43 64/44/44
f 79/45/45 76/46/46 122/47/47 114/48/48
f 30/49/41 35/50/49 45/35/35 65/51/50
f 61/4/4 22/3/3 4/52/51 57/53/52
f 60/7/7 47/54/53 34/55/54 63/8/8
f 31/56/5 63/57/8 62/1/1 9/58/55
f 63/57/8 34/59/54 24/2/2 62/1/1
f 6/60/56 5/11/11 46/10/10 48/61/57
f 34/59/54 35/62/49 23/15/15 24/2/2
f 53/63/58 58/64/59 59/30/30 14/29/29
f 24/2/2 23/15/15 21/14/14 22/3/3
f 22/3/3 21/14/14 3/28/28 4/52/51
f 47/54/53 45/35/35 35/50/49 34/55/54
f 48/61/57 47/54/53 60/7/7 59/30/30
f 16/16/16 23/15/15 64/44/44
f 42/34/34 19/40/40 65/51/50
f 37/23/23 40/65/60 17/66/61 72/67/62 71/24/24
f 73/68/63 72/67/62 17/66/61 32/69/37 29/70/18
f 16/16/16 20/43/43 40/65/60 37/23/23
f 11/19/19 18/38/38 39/39/39 41/33/33
f 11/19/19 41/33/33 44/32/32 12/25/25
f 27/71/64 70/72/65 73/68/63 29/70/18 36/73/17
f 135/74/66 25/75/67 140/76/68 145/77/69
f 13/6/6 31/5/5 112/78/70 51/79/71
f 9/58/55 10/80/72 49/81/73 50/82/74
f 46/10/10 45/35/35 47/54/53 48/61/57
f 31/56/5 9/58/55 50/82/74 112/83/70
f 14/29/29 13/6/6 51/79/71 52/84/75
f 54/85/76 56/86/77 49/81/73 10/80/72
f 52/84/75 55/87/78 53/63/58 14/29/29
f 9/58/55 62/1/1 61/4/4 10/80/72
f 64/44/44 23/15/15 35/62/49 30/41/41
f 64/44/44 20/43/43 16/16/16
f 65/51/50 45/35/35 42/34/34
f 65/51/50 19/40/40 33/88/42 30/49/41
f 7/89/79 66/90/80 68/91/81 28/92/82
f 28/92/82 68/91/81 70/72/65 27/71/64
f 1/12/12 138/93/83 137/94/84 44/32/32 43/9/9
f 137/94/84 136/95/85 12/25/25 44/32/32
f 136/95/85 25/26/26 12/25/25
f 10/80/72 61/4/4 57/53/52 54/85/76
f 70/72/65 71/24/24 72/67/62 73/68/63
f 69/21/21 71/24/24 70/72/65 68/91/81
f 67/36/36 69/21/21 68/91/81 66/90/80
f 81/96/86 118/97/87 119/98/88 75/99/89
f 77/100/90 79/101/45 114/102/48 115/103/91
f 117/104/92 39/39/39 18/38/38 120/105/93
f 74/106/94 78/107/95 128/108/96 124/109/97
f 80/110/98 74/106/94 124/109/97 125/111/99
f 80/110/98 125/111/99 122/47/47 76/46/46
f 126/112/100 40/65/60 20/43/43 121/113/101
f 58/64/59 6/60/56 48/61/57 59/30/30
f 7/114/79 28/115/82 104/116/102 89/117/103
f 130/118/104 85/119/105 87/120/106 129/121/107
f 129/122/107 87/123/106 84/124/108 131/125/109
f 132/126/110 86/127/111 85/119/105 130/118/104
f 27/128/64 36/129/17 109/130/112 101/131/113
f 36/132/17 26/133/20 96/134/114 109/135/112
f 131/125/109 84/124/108 83/136/115 134/137/116
f 26/133/20 25/138/26 93/139/117 96/134/114
f 28/115/82 27/128/64 101/131/113 104/116/102
f 97/140/118 99/141/119 110/142/120 108/143/121
f 99/141/122 110/142/123 111/144/124 98/145/125
f 98/145/125 111/144/124 109/135/112 96/134/114
f 92/146/126 94/147/127 99/141/119 97/140/118
f 94/147/128 99/141/122 98/145/125 95/148/129
f 95/148/129 98/145/125 96/134/114 93/139/117
f 108/149/121 110/150/120 102/151/130 100/152/131
f 110/150/123 102/151/132 103/153/133 111/154/124
f 111/154/124 103/153/133 101/131/113 109/130/112
f 105/155/134 107/156/135 90/157/136 88/158/137
f 107/156/138 90/157/139 91/159/140 106/160/141
f 106/160/141 91/159/140 89/117/103 104/116/102
f 100/152/131 102/151/130 107/156/135 105/155/134
f 102/151/132 107/156/138 106/160/141 103/153/133
f 103/153/133 106/160/141 104/116/102 101/131/113
f 133/161/142 82/162/143 86/127/111 132/126/110
f 127/163/144 120/105/93 18/38/38 32/37/37
f 123/164/145 127/165/144 32/69/37 17/66/61
f 126/112/100 123/164/145 17/66/61 40/65/60
f 117/104/92 116/166/146 19/40/40 39/39/39
f 81/96/86 77/100/90 115/103/91 118/97/87
f 78/167/95 75/99/89 119/98/88 128/168/96
f 116/166/146 113/169/147 33/88/42 19/40/40
f 120/105/93 127/163/144 128/168/96 119/98/88
f 126/112/100 121/113/101 122/47/47 125/111/99
f 127/165/144 123/164/145 124/109/97 128/108/96
f 123/164/145 126/112/100 125/111/99 124/109/97
f 116/166/146 117/104/92 118/97/87 115/103/91
f 121/113/101 113/170/147 114/48/48 122/47/47
f 117/104/92 120/105/93 119/98/88 118/97/87
f 113/169/147 116/166/146 115/103/91 114/102/48
f 113/170/147 121/113/101 20/43/43 33/42/42
f 88/158/137 133/161/142 132/126/110 105/155/134
f 97/140/118 131/125/109 134/137/116 92/146/126
f 105/155/134 132/126/110 130/118/104 100/152/131
f 108/143/121 129/122/107 131/125/109 97/140/118
f 100/152/131 130/118/104 129/121/107 108/149/121
f 25/26/26 136/95/85 139/171/148 140/76/68
f 137/94/84 138/93/83 141/172/149 143/173/150
f 140/76/68 139/171/148 144/174/151 145/77/69
f 142/175/152 143/173/150 141/172/149
f 142/175/152 144/174/151 139/171/148 143/173/150
f 136/95/85 137/94/84 143/173/150 139/171/148
f 93/176/117 25/26/26 140/177/68
f 193/178/153 192/179/154 159/180/155 161/181/156
f 168/182/157 194/183/158 191/184/159 150/185/160
f 180/186/161 1/12/12 5/11/11 183/187/162
f 152/188/163 153/189/164 160/190/165 158/191/166
f 173/192/167 163/193/168 148/194/169 166/195/170
f 198/196/171 200/197/172 174/198/173 175/199/174
f 163/193/168 162/200/175 149/201/176 148/194/169
f 2/27/27 152/188/163 158/191/166 3/28/28
f 151/202/177 150/185/160 191/184/159 190/203/178
f 175/199/174 174/198/173 153/189/164 152/188/163
f 8/31/31 175/199/174 152/188/163 2/27/27
f 181/204/179 180/186/161 179/205/180 178/206/181
f 179/205/180 180/186/161 183/187/162 182/207/182
f 67/36/36 198/196/171 175/199/174 8/31/31
f 166/195/170 148/194/169 155/208/183 169/209/184
f 178/206/181 179/205/180 156/210/185 176/211/186
f 167/212/187 195/213/188 157/214/189 170/215/190
f 208/216/191 238/217/192 246/218/193 205/219/194
f 167/220/187 196/221/195 182/207/182 172/222/196
f 192/179/154 57/53/52 4/52/51 159/180/155
f 191/184/159 194/183/158 171/223/197 184/224/198
f 168/225/157 146/226/199 193/178/153 194/227/158
f 194/227/158 193/178/153 161/181/156 171/228/197
f 6/60/56 185/229/200 183/187/162 5/11/11
f 171/228/197 161/181/156 160/190/165 172/230/196
f 53/63/58 151/202/177 190/203/178 58/64/59
f 161/181/156 159/180/155 158/191/166 160/190/165
f 159/180/155 4/52/51 3/28/28 158/191/166
f 184/224/198 171/223/197 172/222/196 182/207/182
f 185/229/200 190/203/178 191/184/159 184/224/198
f 153/189/164 195/213/188 160/190/165
f 179/205/180 196/221/195 156/210/185
f 174/198/173 200/197/172 201/231/201 154/232/202 177/233/203
f 202/234/204 166/235/170 169/236/184 154/232/202 201/231/201
f 153/189/164 174/198/173 177/233/203 157/214/189
f 148/194/169 178/206/181 176/211/186 155/208/183
f 148/194/169 149/201/176 181/204/179 178/206/181
f 164/237/205 173/238/167 166/235/170 202/234/204 199/239/206
f 135/74/66 145/77/69 261/240/207 162/241/208
f 150/185/160 188/242/209 236/243/210 168/182/157
f 146/226/199 187/244/211 186/245/212 147/246/213
f 183/187/162 185/229/200 184/224/198 182/207/182
f 168/225/157 236/247/210 187/244/211 146/226/199
f 151/202/177 189/248/214 188/242/209 150/185/160
f 54/85/76 147/246/213 186/245/212 56/86/77
f 189/248/214 151/202/177 53/63/58 55/87/78
f 146/226/199 147/246/213 192/179/154 193/178/153
f 195/213/188 167/212/187 172/230/196 160/190/165
f 195/213/188 153/189/164 157/214/189
f 196/221/195 179/205/180 182/207/182
f 196/221/195 167/220/187 170/249/190 156/210/185
f 7/89/79 165/250/215 197/251/216 66/90/80
f 165/250/215 164/237/205 199/239/206 197/251/216
f 1/12/12 180/186/161 181/204/179 259/252/217 138/93/83
f 259/252/217 181/204/179 149/201/176 258/253/218
f 258/253/218 149/201/176 162/200/175
f 147/246/213 54/85/76 57/53/52 192/179/154
f 199/239/206 202/234/204 201/231/201 200/197/172
f 198/196/171 197/251/216 199/239/206 200/197/172
f 67/36/36 66/90/80 197/251/216 198/196/171
f 210/254/219 204/255/220 243/256/221 242/257/222
f 206/258/223 239/259/224 238/260/192 208/261/191
f 241/262/225 244/263/226 155/208/183 176/211/186
f 203/264/227 248/265/228 252/266/229 207/267/230
f 209/268/231 249/269/232 248/265/228 203/264/227
f 209/268/231 205/219/194 246/218/193 249/269/232
f 250/270/233 245/271/234 157/214/189 177/233/203
f 58/64/59 190/203/178 185/229/200 6/60/56
f 7/114/79 89/117/103 228/272/235 165/273/215
f 254/274/236 253/275/237 215/276/238 213/277/239
f 253/278/237 255/279/240 212/280/241 215/281/238
f 256/282/242 254/274/236 213/277/239 214/283/243
f 164/284/205 225/285/244 233/286/245 173/287/167
f 173/288/167 233/289/245 220/290/246 163/291/168
f 255/279/240 257/292/247 211/293/248 212/280/241
f 163/291/168 220/290/246 217/294/249 162/295/175
f 165/273/215 228/272/235 225/285/244 164/284/205
f 221/296/250 232/297/251 234/298/252 223/299/253
f 223/299/254 222/300/255 235/301/256 234/298/257
f 222/300/255 220/290/246 233/289/245 235/301/256
f 216/302/258 221/296/250 223/299/253 218/303/259
f 218/303/260 219/304/261 222/300/255 223/299/254
f 219/304/261 217/294/249 220/290/246 222/300/255
f 232/305/251 224/306/262 226/307/263 234/308/252
f 234/308/257 235/309/256 227/310/264 226/307/265
f 235/309/256 233/286/245 225/285/244 227/310/264
f 229/311/266 88/158/137 90/157/136 231/312/267
f 231/312/268 230/313/269 91/159/140 90/157/139
f 230/313/269 228/272/235 89/117/103 91/159/140
f 224/306/262 229/311/266 231/312/267 226/307/263
f 226/307/265 227/310/264 230/313/269 231/312/268
f 227/310/264 225/285/244 228/272/235 230/313/269
f 133/161/142 256/282/242 214/283/243 82/162/143
f 251/314/270 169/209/184 155/208/183 244/263/226
f 247/315/271 154/232/202 169/236/184 251/316/270
f 250/270/233 177/233/203 154/232/202 247/315/271
f 241/262/225 176/211/186 156/210/185 240/317/272
f 210/254/219 242/257/222 239/259/224 206/258/223
f 207/318/230 252/319/229 243/256/221 204/255/220
f 240/317/272 156/210/185 170/249/190 237/320/273
f 244/263/226 243/256/221 252/319/229 251/314/270
f 250/270/233 249/269/232 246/218/193 245/271/234
f 251/316/270 252/266/229 248/265/228 247/315/271
f 247/315/271 248/265/228 249/269/232 250/270/233
f 240/317/272 239/259/224 242/257/222 241/262/225
f 245/271/234 246/218/193 238/217/192 237/321/273
f 241/262/225 242/257/222 243/256/221 244/263/226
f 237/320/273 238/260/192 239/259/224 240/317/272
f 237/321/273 170/215/190 157/214/189 245/271/234
f 88/158/137 229/311/266 256/282/242 133/161/142
f 221/296/250 216/302/258 257/292/247 255/279/240
f 229/311/266 224/306/262 254/274/236 256/282/242
f 232/297/251 221/296/250 255/279/240 253/278/237
f 224/306/262 232/305/251 253/275/237 254/274/236
f 162/200/175 261/240/207 260/322/274 258/253/218
f 259/252/217 262/323/275 141/172/149 138/93/83
f 261/240/207 145/77/69 144/174/151 260/322/274
f 142/175/152 141/172/149 262/323/275
f 142/175/152 262/323/275 260/322/274 144/174/151
f 258/253/218 260/322/274 262/323/275 259/252/217
f 217/324/249 261/325/207 162/200/175
f 445/326/276 449/327/277 389/328/278 289/329/279
f 430/330/280 349/331/281 435/332/282 449/327/277
f 449/327/277 435/332/282 315/333/283 389/328/278
f 343/334/284 430/330/280 449/327/277 445/326/276
f 263/335/285 311/336/286 384/337/287 354/338/288
f 373/339/289 351/340/290 265/341/291 300/342/292
f 348/343/293 343/334/284 445/326/276 444/344/294
f 354/338/288 384/337/287 312/345/295 269/346/296
f 263/335/285 367/347/297 388/348/298 311/336/286
f 434/349/299 441/350/300 292/351/301 297/352/302
f 282/353/303 298/354/304 446/355/305 448/356/306
f 444/344/294 445/326/276 289/329/279 302/357/307
f 341/358/308 347/359/309 434/349/299 433/360/310
f 448/356/306 446/355/305 348/343/293 345/361/311
f 294/362/312 273/363/313 355/364/314 370/365/315
f 388/348/298 367/347/297 283/366/316 314/367/317
f 287/368/318 374/369/319 391/370/320 315/333/283
f 355/364/314 350/371/321 264/372/322 268/373/323
f 272/374/324 274/375/325 352/376/326 353/377/327
f 359/378/328 356/379/329 276/380/330 278/381/331
f 266/382/332 363/383/333 364/384/334 264/372/322
f 364/384/334 363/383/333 286/385/335 284/386/336
f 284/386/336 286/385/335 442/387/337 438/388/338
f 353/377/327 352/376/326 267/389/339 266/382/332
f 273/363/313 361/390/340 356/379/329 270/391/341
f 370/365/315 355/364/314 268/373/323 295/392/342
f 274/375/325 357/393/343 372/394/344 299/395/345
f 433/360/310 434/349/299 297/352/302 287/368/318
f 265/341/291 362/396/346 371/397/347 300/342/292
f 372/394/344 357/393/343 280/398/348 301/399/349
f 296/400/350 279/401/351 361/390/340 369/402/352
f 391/370/320 374/369/319 303/403/353 316/404/354
f 312/345/295 387/405/355 360/406/356 269/346/296
f 356/379/329 361/390/340 279/401/351 276/380/330
f 278/381/331 280/398/348 357/393/343 359/378/328
f 359/378/328 357/393/343 274/375/325 272/374/324
f 344/407/357 345/361/311 447/408/358 440/409/359
f 360/406/356 387/405/355 313/410/360 275/411/361
f 383/412/362 451/413/363 351/340/290 271/414/364
f 369/402/352 361/390/340 273/363/313 294/362/312
f 268/373/323 366/415/365 368/416/366 295/392/342
f 358/417/367 452/418/368 383/412/362 271/414/364
f 283/366/316 431/419/369 436/420/370 314/367/317
f 440/409/359 447/408/358 291/421/371 290/422/372
f 267/389/339 365/423/373 363/383/333 266/382/332
f 363/383/333 365/423/373 282/353/303 286/385/335
f 264/372/322 364/384/334 366/415/365 268/373/323
f 368/416/366 366/415/365 285/424/374 293/425/375
f 366/415/365 364/384/334 284/386/336 285/424/374
f 285/424/374 284/386/336 438/388/338 437/426/376
f 436/420/370 431/419/369 341/358/308 349/331/281
f 349/331/281 341/358/308 433/360/310 435/332/282
f 371/397/347 362/396/346 281/427/377 298/354/304
f 298/354/304 281/427/377 443/428/378 446/355/305
f 438/388/338 442/387/337 344/407/357 342/429/379
f 437/426/376 438/388/338 342/429/379 346/430/380
f 286/385/335 282/353/303 448/356/306 442/387/337
f 442/387/337 448/356/306 345/361/311 344/407/357
f 290/422/372 291/421/371 381/431/381 380/432/382
f 446/355/305 443/428/378 343/334/284 348/343/293
f 435/332/282 433/360/310 287/368/318 315/333/283
f 362/396/346 453/433/383 382/434/384 281/427/377
f 386/435/385 452/418/368 358/417/367 277/436/386
f 289/329/279 378/437/387 379/438/388 302/357/307
f 302/357/307 379/438/388 381/431/381 291/421/371
f 381/431/381 379/438/388 310/439/389 307/440/390
f 329/441/391 429/442/392 427/443/393 336/444/394
f 292/351/301 376/445/395 375/446/396 297/352/302
f 427/443/393 429/442/392 307/440/390 310/439/389
f 380/432/382 381/431/381 307/440/390 306/447/397
f 288/448/398 377/449/399 376/445/395 292/351/301
f 376/445/395 377/449/399 304/450/400 308/451/401
f 346/430/380 342/429/379 439/452/402 441/350/300
f 379/438/388 378/437/387 305/453/403 310/439/389
f 297/352/302 375/446/396 374/369/319 287/368/318
f 389/328/278 455/454/404 378/437/387 289/329/279
f 374/369/319 375/446/396 309/455/405 303/403/353
f 295/392/342 368/416/366 367/347/297 263/335/285
f 342/429/379 344/407/357 440/409/359 439/452/402
f 367/347/297 368/416/366 293/425/375 283/366/316
f 275/411/361 296/400/350 369/402/352 360/406/356
f 360/406/356 369/402/352 294/362/312 269/346/296
f 269/346/296 294/362/312 370/365/315 354/338/288
f 354/338/288 370/365/315 295/392/342 263/335/285
f 299/395/345 372/394/344 358/417/367 271/414/364
f 439/452/402 440/409/359 290/422/372 288/448/398
f 266/382/332 264/372/322 350/371/321 353/377/327
f 375/446/396 376/445/395 308/451/401 309/455/405
f 293/425/375 285/424/374 437/426/376 432/456/406
f 432/456/406 437/426/376 346/430/380 347/359/309
f 300/342/292 371/397/347 365/423/373 267/389/339
f 365/423/373 371/397/347 298/354/304 282/353/303
f 274/375/325 299/395/345 373/339/289 352/376/326
f 358/417/367 372/394/344 301/399/349 277/436/386
f 319/457/407 421/458/408 422/459/409 333/460/410
f 352/376/326 373/339/289 300/342/292 267/389/339
f 333/460/410 422/459/409 424/461/411 332/462/412
f 441/350/300 439/452/402 288/448/398 292/351/301
f 332/462/412 424/461/411 425/463/413 320/464/414
f 353/377/327 350/371/321 270/391/341 272/374/324
f 320/464/414 425/463/413 426/465/415 326/466/416
f 326/466/416 426/465/415 429/442/392 329/441/391
f 425/463/413 424/461/411 308/451/401 304/450/400
f 429/442/392 426/465/415 306/447/397 307/440/390
f 428/467/417 450/468/418 420/469/419 322/470/420
f 336/444/394 427/443/393 428/467/417 322/470/420
f 422/459/409 421/458/408 303/403/353 309/455/405
f 325/471/421 321/472/422 410/473/423 411/474/424
f 426/465/415 425/463/413 304/450/400 306/447/397
f 424/461/411 422/459/409 309/455/405 308/451/401
f 428/467/417 427/443/393 310/439/389 305/453/403
f 450/468/418 390/475/425 316/404/354 423/476/426
f 420/469/419 450/468/418 423/476/426 339/477/427
f 443/428/378 281/427/377 382/434/384 454/478/428
f 339/477/427 423/476/426 421/458/408 319/457/407
f 312/345/295 384/337/287 451/413/363 383/412/362
f 384/337/287 311/336/286 385/479/429 451/413/363
f 452/418/368 386/435/385 313/410/360 387/405/355
f 383/412/362 452/418/368 387/405/355 312/345/295
f 311/336/286 388/348/298 453/433/383 385/479/429
f 388/348/298 314/367/317 382/434/384 453/433/383
f 265/341/291 385/479/429 453/433/383 362/396/346
f 378/437/387 455/454/404 390/475/425 305/453/403
f 443/428/378 454/478/428 430/330/280 343/334/284
f 454/478/428 382/434/384 314/367/317 436/420/370
f 430/330/280 454/478/428 436/420/370 349/331/281
f 421/458/408 423/476/426 316/404/354 303/403/353
f 455/454/404 389/328/278 315/333/283 391/370/320
f 390/475/425 455/454/404 391/370/320 316/404/354
f 419/480/430 323/481/431 396/482/432 465/483/433
f 338/484/434 327/485/435 398/486/436 407/487/437
f 335/488/438 317/489/439 392/490/440 404/491/441
f 318/492/442 340/493/443 418/494/444 394/495/445
f 321/472/422 330/496/446 401/497/447 410/473/423
f 317/489/439 393/498/448 456/499/449 392/490/440
f 318/492/442 394/495/445 456/499/449 393/498/448
f 319/457/407 392/490/440 456/499/449 394/495/445
f 322/470/420 396/482/432 457/500/450 395/501/451
f 323/481/431 397/502/452 457/500/450 396/482/432
f 324/503/453 395/501/451 457/500/450 397/502/452
f 327/485/435 399/504/454 458/505/455 398/486/436
f 328/506/456 400/507/457 458/505/455 399/504/454
f 329/441/391 398/486/436 458/505/455 400/507/457
f 330/496/446 402/508/458 459/509/459 401/497/447
f 331/510/460 403/511/461 459/509/459 402/508/458
f 332/462/412 401/497/447 459/509/459 403/511/461
f 333/460/410 405/512/462 460/513/463 404/491/441
f 334/514/464 406/515/465 460/513/463 405/512/462
f 335/488/438 404/491/441 460/513/463 406/515/465
f 336/444/394 408/516/466 461/517/467 407/487/437
f 337/518/468 409/519/469 461/517/467 408/516/466
f 338/484/434 407/487/437 461/517/467 409/519/469
f 407/487/437 398/486/436 329/441/391 336/444/394
f 331/510/460 334/514/464 405/512/462 403/511/461
f 410/473/423 401/497/447 332/462/412 320/464/414
f 326/466/416 329/441/391 400/507/457 411/474/424
f 411/474/424 400/507/457 328/506/456 325/471/421
f 404/491/441 392/490/440 319/457/407 333/460/410
f 324/503/453 337/518/468 408/516/466 395/501/451
f 411/474/424 410/473/423 320/464/414 326/466/416
f 327/485/435 412/520/470 462/521/471 399/504/454
f 412/520/470 331/510/460 402/508/458 462/521/471
f 462/521/471 402/508/458 330/496/446 413/522/472
f 399/504/454 462/521/471 413/522/472 328/506/456
f 403/511/461 405/512/462 333/460/410 332/462/412
f 345/361/311 348/343/293 444/344/294 447/408/358
f 395/501/451 408/516/466 336/444/394 322/470/420
f 334/514/464 414/523/473 463/524/474 406/515/465
f 414/523/473 338/484/434 409/519/469 463/524/474
f 463/524/474 409/519/469 337/518/468 415/525/475
f 406/515/465 463/524/474 415/525/475 335/488/438
f 317/489/439 416/526/476 464/527/477 393/498/448
f 416/526/476 324/503/453 397/502/452 464/527/477
f 464/527/477 397/502/452 323/481/431 417/528/478
f 393/498/448 464/527/477 417/528/478 318/492/442
f 340/493/443 419/480/430 465/483/433 418/494/444
f 465/483/433 396/482/432 322/470/420 420/469/419
f 390/475/425 450/468/418 428/467/417 305/453/403
f 418/494/444 465/483/433 420/469/419 339/477/427
f 394/495/445 418/494/444 339/477/427 319/457/407
f 270/391/341 356/379/329 359/378/328 272/374/324
f 283/366/316 293/425/375 432/456/406 431/419/369
f 431/419/369 432/456/406 347/359/309 341/358/308
f 347/359/309 346/430/380 441/350/300 434/349/299
f 447/408/358 444/344/294 302/357/307 291/421/371
f 273/363/313 270/391/341 350/371/321 355/364/314
f 299/395/345 271/414/364 351/340/290 373/339/289
f 451/413/363 385/479/429 265/341/291 351/340/290
f 540/529/479 542/530/480 526/531/481 477/532/482 474/533/483
f 467/534/484 491/535/485 486/536/486 484/537/487 488/538/488 482/539/489
f 325/471/421 328/506/456 539/540/490 526/531/481
f 334/514/464 331/510/460 549/541/491 552/542/492
f 328/506/456 413/522/472 527/543/493 539/540/490
f 413/522/472 330/496/446 544/544/494 546/545/495 527/543/493
f 327/485/435 338/484/434 538/546/496 529/547/497
f 497/548/498 500/549/499 498/550/500 495/551/501 502/552/502 492/553/503
f 548/554/504 550/555/505 528/556/506 489/557/507 485/558/508
f 338/484/434 414/523/473 530/559/509 538/546/496
f 414/523/473 334/514/464 552/542/492 554/560/510 530/559/509
f 531/561/511 558/562/512 557/563/513 493/564/514 503/565/515
f 528/556/506 529/547/497 483/566/516 489/557/507
f 534/567/517 532/568/518 499/569/519 501/570/520
f 532/568/518 533/571/521 494/572/522 499/569/519
f 560/573/523 562/574/524 534/567/517 501/570/520 496/575/525
f 507/576/526 512/577/527 509/578/528 504/579/529 510/580/530
f 533/571/521 531/561/511 503/565/515 494/572/522
f 335/488/438 415/525/475 534/567/517 562/574/524 561/581/531
f 317/489/439 335/488/438 561/581/531 556/582/532
f 565/583/533 568/584/534 505/585/535 508/586/536
f 318/492/442 417/528/478 535/587/537 570/588/538 569/589/539
f 536/590/540 537/591/541 513/592/542 506/593/543
f 535/587/537 536/590/540 506/593/543 511/594/544
f 568/584/534 570/588/538 535/587/537 511/594/544 505/585/535
f 377/449/399 288/448/398 520/595/545 515/596/546
f 290/422/372 380/432/382 524/597/547 519/598/548
f 380/432/382 306/447/397 523/599/549 524/597/547
f 518/600/550 525/601/551 473/602/552 469/603/553
f 304/450/400 377/449/399 515/596/546 516/604/554
f 288/448/398 290/422/372 519/598/548 520/595/545
f 469/603/553 473/602/552 471/605/555 470/606/556 472/607/557 468/608/558
f 475/609/559 478/610/560 479/611/561 474/533/483
f 478/610/560 481/612/562 480/613/563 479/611/561
f 476/614/564 475/609/559 474/533/483 477/532/482
f 482/539/489 488/538/488 489/557/507 483/566/516
f 488/538/488 484/537/487 485/558/508 489/557/507
f 484/537/487 486/536/486 487/615/565 485/558/508
f 486/536/486 491/535/485 490/616/566 487/615/565
f 497/548/498 492/553/503 493/564/514 496/575/525
f 495/551/501 498/550/500 499/569/519 494/572/522
f 498/550/500 500/549/499 501/570/520 499/569/519
f 500/549/499 497/548/498 496/575/525 501/570/520
f 492/553/503 502/552/502 503/565/515 493/564/514
f 502/552/502 495/551/501 494/572/522 503/565/515
f 507/576/526 510/580/530 511/594/544 506/593/543
f 510/580/530 504/579/529 505/585/535 511/594/544
f 509/578/528 512/577/527 513/592/542 508/586/536
f 504/579/529 509/578/528 508/586/536 505/585/535
f 512/577/527 507/576/526 506/593/543 513/592/542
f 475/609/559 476/614/564 466/617/567 481/612/562 478/610/560
f 525/601/551 522/618/568 471/605/555 473/602/552
f 306/447/397 304/450/400 516/604/554 523/599/549
f 522/618/568 517/619/569 470/606/556 471/605/555
f 521/620/570 518/600/550 469/603/553 468/608/558
f 517/619/569 514/621/571 472/607/557 470/606/556
f 525/601/551 518/600/550 519/598/548 524/597/547
f 521/620/570 514/621/571 515/596/546 520/595/545
f 517/619/569 522/618/568 523/599/549 516/604/554
f 522/618/568 525/601/551 524/597/547 523/599/549
f 518/600/550 521/620/570 520/595/545 519/598/548
f 514/621/571 517/619/569 516/604/554 515/596/546
f 514/621/571 521/620/570 468/608/558 472/607/557
f 545/622/572 540/529/479 474/533/483 479/611/561
f 527/543/493 546/545/495 545/622/572 479/611/561 480/613/563
f 321/472/422 325/471/421 526/531/481 542/530/480 541/623/573
f 412/520/470 327/485/435 529/547/497 528/556/506
f 530/559/509 554/560/510 553/624/574 487/615/565 490/616/566
f 553/624/574 548/554/504 485/558/508 487/615/565
f 331/510/460 412/520/470 528/556/506 550/555/505 549/541/491
f 557/563/513 560/573/523 496/575/525 493/564/514
f 419/480/430 340/493/443 564/625/575 566/626/576 537/591/541
f 324/503/453 416/526/476 531/561/511 533/571/521
f 416/526/476 317/489/439 556/582/532 558/562/512 531/561/511
f 337/518/468 324/503/453 533/571/521 532/568/518
f 415/525/475 337/518/468 532/568/518 534/567/517
f 537/591/541 566/626/576 565/583/533 508/586/536 513/592/542
f 417/528/478 323/481/431 536/590/540 535/587/537
f 323/481/431 419/480/430 537/591/541 536/590/540
f 340/493/443 318/492/442 569/589/539 564/625/575
f 529/547/497 538/546/496 467/534/484 482/539/489 483/566/516
f 538/546/496 530/559/509 490/616/566 491/535/485 467/534/484
f 539/540/490 527/543/493 480/613/563 481/612/562 466/617/567
f 526/531/481 539/540/490 466/617/567 476/614/564 477/532/482
f 540/529/479 543/627/577 542/530/480
f 543/627/577 541/623/573 542/530/480
f 544/544/494 547/628/578 546/545/495
f 547/628/578 545/622/572 546/545/495
f 548/554/504 551/629/579 550/555/505
f 551/629/579 549/541/491 550/555/505
f 552/542/492 555/630/580 554/560/510
f 555/630/580 553/624/574 554/560/510
f 556/582/532 559/631/581 558/562/512
f 559/631/581 557/563/513 558/562/512
f 560/573/523 563/632/582 562/574/524
f 563/632/582 561/581/531 562/574/524
f 564/625/575 567/633/583 566/626/576
f 567/633/583 565/583/533 566/626/576
f 568/584/534 571/634/584 570/588/538
f 571/634/584 569/589/539 570/588/538
f 540/529/479 545/622/572 547/628/578 543/627/577
f 543/627/577 547/628/578 544/544/494 541/623/573
f 548/554/504 553/624/574 555/630/580 551/629/579
f 551/629/579 555/630/580 552/542/492 549/541/491
f 560/573/523 557/563/513 559/631/581 563/632/582
f 563/632/582 559/631/581 556/582/532 561/581/531
f 568/584/534 565/583/533 567/633/583 571/634/584
f 571/634/584 567/633/583 564/625/575 569/589/539
f 330/496/446 321/472/422 541/623/573 544/544/494
f 754/635/585 598/329/586 698/328/587 758/327/588
f 739/330/589 758/327/588 744/332/590 658/331/591
f 758/327/588 698/328/587 624/333/592 744/332/590
f 652/334/593 754/635/585 758/327/588 739/330/589
f 572/335/594 663/338/595 693/337/596 620/336/597
f 682/339/598 609/342/599 574/341/600 660/340/601
f 657/343/602 753/344/603 754/635/585 652/334/593
f 663/338/595 578/346/604 621/345/605 693/337/596
f 572/335/594 620/336/597 697/636/606 676/347/607
f 743/349/608 606/352/609 601/351/610 750/637/611
f 591/353/612 757/356/613 755/355/614 607/354/615
f 753/344/603 611/357/616 598/329/586 754/635/585
f 650/358/617 742/360/618 743/349/608 656/359/619
f 757/356/613 654/361/620 657/343/602 755/355/614
f 603/638/621 679/365/622 664/364/623 582/363/624
f 697/636/606 623/639/625 592/366/626 676/347/607
f 596/368/627 624/333/592 700/640/628 683/369/629
f 664/364/623 577/373/630 573/372/631 659/371/632
f 581/374/633 662/377/634 661/376/635 583/375/636
f 668/378/637 587/381/638 585/380/639 665/641/640
f 575/382/641 573/372/631 673/384/642 672/383/643
f 673/384/642 593/386/644 595/385/645 672/383/643
f 593/386/644 747/388/646 751/387/647 595/385/645
f 662/377/634 575/382/641 576/389/648 661/376/635
f 582/363/624 579/391/649 665/641/640 670/390/650
f 679/365/622 604/392/651 577/373/630 664/364/623
f 583/375/636 608/395/652 681/642/653 666/393/654
f 742/360/618 596/368/627 606/352/609 743/349/608
f 574/341/600 609/342/599 680/397/655 671/396/656
f 681/642/653 610/399/657 589/398/658 666/393/654
f 605/400/659 678/402/660 670/390/650 588/401/661
f 700/640/628 625/404/662 612/643/663 683/369/629
f 621/345/605 578/346/604 669/406/664 696/405/665
f 665/641/640 585/380/639 588/401/661 670/390/650
f 587/381/638 668/378/637 666/393/654 589/398/658
f 668/378/637 581/374/633 583/375/636 666/393/654
f 653/407/666 749/409/667 756/408/668 654/361/620
f 669/406/664 584/411/669 622/410/670 696/405/665
f 692/412/671 580/414/672 660/340/601 760/413/673
f 678/402/660 603/638/621 582/363/624 670/390/650
f 577/373/630 604/392/651 677/416/674 675/415/675
f 667/417/676 580/414/672 692/412/671 761/418/677
f 592/366/626 623/639/625 745/420/678 740/419/679
f 749/409/667 599/422/680 600/421/681 756/408/668
f 576/389/648 575/382/641 672/383/643 674/423/682
f 672/383/643 595/385/645 591/353/612 674/423/682
f 573/372/631 577/373/630 675/415/675 673/384/642
f 677/416/674 602/425/683 594/424/684 675/415/675
f 675/415/675 594/424/684 593/386/644 673/384/642
f 594/424/684 746/426/685 747/388/646 593/386/644
f 745/420/678 658/331/591 650/358/617 740/419/679
f 658/331/591 744/332/590 742/360/618 650/358/617
f 680/397/655 607/354/615 590/427/686 671/396/656
f 607/354/615 755/355/614 752/644/687 590/427/686
f 747/388/646 651/429/688 653/407/666 751/387/647
f 746/426/685 655/430/689 651/429/688 747/388/646
f 595/385/645 751/387/647 757/356/613 591/353/612
f 751/387/647 653/407/666 654/361/620 757/356/613
f 599/422/680 689/432/690 690/645/691 600/421/681
f 755/355/614 657/343/602 652/334/593 752/644/687
f 744/332/590 624/333/592 596/368/627 742/360/618
f 671/396/656 590/427/686 691/434/692 762/433/693
f 695/435/694 586/436/695 667/417/676 761/418/677
f 598/329/586 611/357/616 688/438/696 687/646/697
f 611/357/616 600/421/681 690/645/691 688/438/696
f 690/645/691 616/647/698 619/439/699 688/438/696
f 638/648/700 645/444/701 736/443/702 738/649/703
f 601/351/610 606/352/609 684/446/704 685/650/705
f 736/443/702 619/439/699 616/647/698 738/649/703
f 689/432/690 615/651/706 616/647/698 690/645/691
f 597/448/707 601/351/610 685/650/705 686/449/708
f 685/650/705 617/652/709 613/450/710 686/449/708
f 655/430/689 750/637/611 748/452/711 651/429/688
f 688/438/696 619/439/699 614/453/712 687/646/697
f 606/352/609 596/368/627 683/369/629 684/446/704
f 698/328/587 598/329/586 687/646/697 764/454/713
f 683/369/629 612/643/663 618/455/714 684/446/704
f 604/392/651 572/335/594 676/347/607 677/416/674
f 651/429/688 748/452/711 749/409/667 653/407/666
f 676/347/607 592/366/626 602/425/683 677/416/674
f 584/411/669 669/406/664 678/402/660 605/400/659
f 669/406/664 578/346/604 603/638/621 678/402/660
f 578/346/604 663/338/595 679/365/622 603/638/621
f 663/338/595 572/335/594 604/392/651 679/365/622
f 608/395/652 580/414/672 667/417/676 681/642/653
f 748/452/711 597/448/707 599/422/680 749/409/667
f 575/382/641 662/377/634 659/371/632 573/372/631
f 684/446/704 618/455/714 617/652/709 685/650/705
f 602/425/683 741/456/715 746/426/685 594/424/684
f 741/456/715 656/359/619 655/430/689 746/426/685
f 609/342/599 576/389/648 674/423/682 680/397/655
f 674/423/682 591/353/612 607/354/615 680/397/655
f 583/375/636 661/376/635 682/339/598 608/395/652
f 667/417/676 586/436/695 610/399/657 681/642/653
f 628/457/716 642/460/717 731/459/718 730/653/719
f 661/376/635 576/389/648 609/342/599 682/339/598
f 642/460/717 641/654/720 733/461/721 731/459/718
f 750/637/611 601/351/610 597/448/707 748/452/711
f 641/654/720 629/464/722 734/463/723 733/461/721
f 662/377/634 581/374/633 579/391/649 659/371/632
f 629/464/722 635/466/724 735/655/725 734/463/723
f 635/466/724 638/648/700 738/649/703 735/655/725
f 734/463/723 613/450/710 617/652/709 733/461/721
f 738/649/703 616/647/698 615/651/706 735/655/725
f 737/467/726 631/656/727 729/657/728 759/468/729
f 645/444/701 631/656/727 737/467/726 736/443/702
f 731/459/718 618/455/714 612/643/663 730/653/719
f 634/471/730 720/658/731 719/473/732 630/659/733
f 735/655/725 615/651/706 613/450/710 734/463/723
f 733/461/721 617/652/709 618/455/714 731/459/718
f 737/467/726 614/453/712 619/439/699 736/443/702
f 759/468/729 732/660/734 625/404/662 699/475/735
f 729/657/728 648/661/736 732/660/734 759/468/729
f 752/644/687 763/662/737 691/434/692 590/427/686
f 648/661/736 628/457/716 730/653/719 732/660/734
f 621/345/605 692/412/671 760/413/673 693/337/596
f 693/337/596 760/413/673 694/479/738 620/336/597
f 761/418/677 696/405/665 622/410/670 695/435/694
f 692/412/671 621/345/605 696/405/665 761/418/677
f 620/336/597 694/479/738 762/433/693 697/636/606
f 697/636/606 762/433/693 691/434/692 623/639/625
f 574/341/600 671/396/656 762/433/693 694/479/738
f 687/646/697 614/453/712 699/475/735 764/454/713
f 752/644/687 652/334/593 739/330/589 763/662/737
f 763/662/737 745/420/678 623/639/625 691/434/692
f 739/330/589 658/331/591 745/420/678 763/662/737
f 730/653/719 612/643/663 625/404/662 732/660/734
f 764/454/713 700/640/628 624/333/592 698/328/587
f 699/475/735 625/404/662 700/640/628 764/454/713
f 728/480/739 774/663/740 705/664/741 632/665/742
f 647/666/743 716/487/744 707/667/745 636/485/746
f 644/488/747 713/491/748 701/490/749 626/668/750
f 627/492/751 703/495/752 727/494/753 649/493/754
f 630/659/733 719/473/732 710/669/755 639/670/756
f 626/668/750 701/490/749 765/671/757 702/672/758
f 627/492/751 702/672/758 765/671/757 703/495/752
f 628/457/716 703/495/752 765/671/757 701/490/749
f 631/656/727 704/673/759 766/674/760 705/664/741
f 632/665/742 705/664/741 766/674/760 706/675/761
f 633/503/762 706/675/761 766/674/760 704/673/759
f 636/485/746 707/667/745 767/676/763 708/504/764
f 637/506/765 708/504/764 767/676/763 709/507/766
f 638/648/700 709/507/766 767/676/763 707/667/745
f 639/670/756 710/669/755 768/677/767 711/678/768
f 640/679/769 711/678/768 768/677/767 712/511/770
f 641/654/720 712/511/770 768/677/767 710/669/755
f 642/460/717 713/491/748 769/513/771 714/680/772
f 643/514/773 714/680/772 769/513/771 715/681/774
f 644/488/747 715/681/774 769/513/771 713/491/748
f 645/444/701 716/487/744 770/517/775 717/516/776
f 646/518/777 717/516/776 770/517/775 718/519/778
f 647/666/743 718/519/778 770/517/775 716/487/744
f 716/487/744 645/444/701 638/648/700 707/667/745
f 640/679/769 712/511/770 714/680/772 643/514/773
f 719/473/732 629/464/722 641/654/720 710/669/755
f 635/466/724 720/658/731 709/507/766 638/648/700
f 720/658/731 634/471/730 637/506/765 709/507/766
f 713/491/748 642/460/717 628/457/716 701/490/749
f 633/503/762 704/673/759 717/516/776 646/518/777
f 720/658/731 635/466/724 629/464/722 719/473/732
f 636/485/746 708/504/764 771/521/779 721/520/780
f 721/520/780 771/521/779 711/678/768 640/679/769
f 771/521/779 722/522/781 639/670/756 711/678/768
f 708/504/764 637/506/765 722/522/781 771/521/779
f 712/511/770 641/654/720 642/460/717 714/680/772
f 654/361/620 756/408/668 753/344/603 657/343/602
f 704/673/759 631/656/727 645/444/701 717/516/776
f 643/514/773 715/681/774 772/524/782 723/523/783
f 723/523/783 772/524/782 718/519/778 647/666/743
f 772/524/782 724/525/784 646/518/777 718/519/778
f 715/681/774 644/488/747 724/525/784 772/524/782
f 626/668/750 702/672/758 773/682/785 725/526/786
f 725/526/786 773/682/785 706/675/761 633/503/762
f 773/682/785 726/528/787 632/665/742 706/675/761
f 702/672/758 627/492/751 726/528/787 773/682/785
f 649/493/754 727/494/753 774/663/740 728/480/739
f 774/663/740 729/657/728 631/656/727 705/664/741
f 699/475/735 614/453/712 737/467/726 759/468/729
f 727/494/753 648/661/736 729/657/728 774/663/740
f 703/495/752 628/457/716 648/661/736 727/494/753
f 579/391/649 581/374/633 668/378/637 665/641/640
f 592/366/626 740/419/679 741/456/715 602/425/683
f 740/419/679 650/358/617 656/359/619 741/456/715
f 656/359/619 743/349/608 750/637/611 655/430/689
f 756/408/668 600/421/681 611/357/616 753/344/603
f 582/363/624 664/364/623 659/371/632 579/391/649
f 608/395/652 682/339/598 660/340/601 580/414/672
f 760/413/673 660/340/601 574/341/600 694/479/738
f 849/683/788 783/684/789 786/532/790 835/531/791 851/530/792
f 776/685/793 791/539/794 797/538/795 793/537/796 795/686/797 800/535/798
f 634/471/730 835/531/791 848/687/799 637/506/765
f 643/514/773 861/542/800 858/541/801 640/679/769
f 637/506/765 848/687/799 836/688/802 722/522/781
f 722/522/781 836/688/802 855/545/803 853/544/804 639/670/756
f 636/485/746 838/547/805 847/546/806 647/666/743
f 806/689/807 801/553/808 811/552/809 804/551/810 807/690/811 809/691/812
f 857/554/813 794/692/814 798/557/815 837/556/816 859/555/817
f 647/666/743 847/546/806 839/559/818 723/523/783
f 723/523/783 839/559/818 863/693/819 861/542/800 643/514/773
f 840/694/820 812/565/821 802/564/822 866/695/823 867/696/824
f 837/556/816 798/557/815 792/566/825 838/547/805
f 843/697/826 810/570/827 808/569/828 841/698/829
f 841/698/829 808/569/828 803/572/830 842/571/831
f 869/573/832 805/699/833 810/570/827 843/697/826 871/700/834
f 816/576/835 819/580/836 813/579/837 818/701/838 821/577/839
f 842/571/831 803/572/830 812/565/821 840/694/820
f 644/488/747 870/702/840 871/700/834 843/697/826 724/525/784
f 626/668/750 865/703/841 870/702/840 644/488/747
f 874/704/842 817/705/843 814/585/844 877/706/845
f 627/492/751 878/707/846 879/708/847 844/587/848 726/528/787
f 845/590/849 815/709/850 822/592/851 846/710/852
f 844/587/848 820/594/853 815/709/850 845/590/849
f 877/706/845 814/585/844 820/594/853 844/587/848 879/708/847
f 686/449/708 824/596/854 829/711/855 597/448/707
f 599/422/680 828/598/856 833/597/857 689/432/690
f 689/432/690 833/597/857 832/712/858 615/651/706
f 827/600/859 778/603/860 782/713/861 834/601/862
f 613/450/710 825/604/863 824/596/854 686/449/708
f 597/448/707 829/711/855 828/598/856 599/422/680
f 778/603/860 777/714/864 781/607/865 779/715/866 780/605/867 782/713/861
f 784/609/868 783/684/789 788/716/869 787/610/870
f 787/610/870 788/716/869 789/717/871 790/612/872
f 785/718/873 786/532/790 783/684/789 784/609/868
f 791/539/794 792/566/825 798/557/815 797/538/795
f 797/538/795 798/557/815 794/692/814 793/537/796
f 793/537/796 794/692/814 796/615/874 795/686/797
f 795/686/797 796/615/874 799/616/875 800/535/798
f 806/689/807 805/699/833 802/564/822 801/553/808
f 804/551/810 803/572/830 808/569/828 807/690/811
f 807/690/811 808/569/828 810/570/827 809/691/812
f 809/691/812 810/570/827 805/699/833 806/689/807
f 801/553/808 802/564/822 812/565/821 811/552/809
f 811/552/809 812/565/821 803/572/830 804/551/810
f 816/576/835 815/709/850 820/594/853 819/580/836
f 819/580/836 820/594/853 814/585/844 813/579/837
f 818/701/838 817/705/843 822/592/851 821/577/839
f 813/579/837 814/585/844 817/705/843 818/701/838
f 821/577/839 822/592/851 815/709/850 816/576/835
f 784/609/868 787/610/870 790/612/872 775/617/876 785/718/873
f 834/601/862 782/713/861 780/605/867 831/618/877
f 615/651/706 832/712/858 825/604/863 613/450/710
f 831/618/877 780/605/867 779/715/866 826/619/878
f 830/620/879 777/714/864 778/603/860 827/600/859
f 826/619/878 779/715/866 781/607/865 823/719/880
f 834/601/862 833/597/857 828/598/856 827/600/859
f 830/620/879 829/711/855 824/596/854 823/719/880
f 826/619/878 825/604/863 832/712/858 831/618/877
f 831/618/877 832/712/858 833/597/857 834/601/862
f 827/600/859 828/598/856 829/711/855 830/620/879
f 823/719/880 824/596/854 825/604/863 826/619/878
f 823/719/880 781/607/865 777/714/864 830/620/879
f 854/622/881 788/716/869 783/684/789 849/683/788
f 836/688/802 789/717/871 788/716/869 854/622/881 855/545/803
f 630/659/733 850/623/882 851/530/792 835/531/791 634/471/730
f 721/520/780 837/556/816 838/547/805 636/485/746
f 839/559/818 799/616/875 796/615/874 862/624/883 863/693/819
f 862/624/883 796/615/874 794/692/814 857/554/813
f 640/679/769 858/541/801 859/555/817 837/556/816 721/520/780
f 866/695/823 802/564/822 805/699/833 869/573/832
f 728/480/739 846/710/852 875/626/884 873/625/885 649/493/754
f 633/503/762 842/571/831 840/694/820 725/526/786
f 725/526/786 840/694/820 867/696/824 865/703/841 626/668/750
f 646/518/777 841/698/829 842/571/831 633/503/762
f 724/525/784 843/697/826 841/698/829 646/518/777
f 846/710/852 822/592/851 817/705/843 874/704/842 875/626/884
f 726/528/787 844/587/848 845/590/849 632/665/742
f 632/665/742 845/590/849 846/710/852 728/480/739
f 649/493/754 873/625/885 878/707/846 627/492/751
f 838/547/805 792/566/825 791/539/794 776/685/793 847/546/806
f 847/546/806 776/685/793 800/535/798 799/616/875 839/559/818
f 848/687/799 775/617/876 790/612/872 789/717/871 836/688/802
f 835/531/791 786/532/790 785/718/873 775/617/876 848/687/799
f 849/683/788 851/530/792 852/627/886
f 852/627/886 851/530/792 850/623/882
f 853/544/804 855/545/803 856/628/887
f 856/628/887 855/545/803 854/622/881
f 857/554/813 859/555/817 860/720/888
f 860/720/888 859/555/817 858/541/801
f 861/542/800 863/693/819 864/721/889
f 864/721/889 863/693/819 862/624/883
f 865/703/841 867/696/824 868/722/890
f 868/722/890 867/696/824 866/695/823
f 869/573/832 871/700/834 872/723/891
f 872/723/891 871/700/834 870/702/840
f 873/625/885 875/626/884 876/633/892
f 876/633/892 875/626/884 874/704/842
f 877/706/845 879/708/847 880/634/893
f 880/634/893 879/708/847 878/707/846
f 849/683/788 852/627/886 856/628/887 854/622/881
f 852/627/886 850/623/882 853/544/804 856/628/887
f 857/554/813 860/720/888 864/721/889 862/624/883
f 860/720/888 858/541/801 861/542/800 864/721/889
f 869/573/832 872/723/891 868/722/890 866/695/823
f 872/723/891 870/702/840 865/703/841 868/722/890
f 877/706/845 880/634/893 876/633/892 874/704/842
f 880/634/893 878/707/846 873/625/885 876/633/892
f 639/670/756 853/544/804 850/623/882 630/659/733
f 1128/724/894 1132/725/895 884/726/896 883/727/897
f 1100/728/898 919/729/899 923/730/900 1105/731/901
f 881/732/902 891/733/903 892/734/904 889/735/905
f 888/736/906 1097/737/907 1101/738/908 887/739/909
f 913/740/910 914/741/911 893/742/912 885/743/913
f 1156/744/914 903/745/915 901/746/916 1147/747/917
f 1140/748/918 899/749/919 897/750/920 1136/751/921
f 1148/752/922 1152/753/923 885/743/913 882/754/924
f 1160/755/925 905/756/926 903/745/915 1156/744/914
f 885/743/913 893/742/912 890/757/927 882/754/924
f 889/735/905 892/734/904 894/758/928 884/759/896
f 1143/760/929 907/761/930 899/749/919 1140/748/918
f 1147/747/917 901/746/916 909/762/931 1151/763/932
f 895/764/933 911/765/934 1131/766/935 1127/767/936
f 882/754/924 890/757/927 891/733/903 881/732/902
f 894/768/928 925/769/937 917/770/938 1091/771/939 1093/772/940
f 884/726/896 894/768/928 1093/772/940 1092/773/941 883/727/897
f 887/739/909 1101/738/908 1104/774/942 886/775/943
f 913/740/910 886/775/943 1104/774/942 1106/776/944 914/741/911
f 890/757/927 920/777/945 921/778/946 891/733/903
f 891/733/903 921/778/946 922/779/947 892/734/904
f 1091/771/939 917/770/938 918/780/948 1096/781/949
f 1106/776/944 1105/731/901 923/730/900 926/782/950 914/741/911
f 1115/783/951 988/784/952 987/785/953 1110/786/954
f 893/742/912 924/787/955 920/777/945 890/757/927
f 892/734/904 922/779/947 925/788/937 894/758/928
f 914/741/911 926/782/950 924/787/955 893/742/912
f 915/789/956 916/790/957 908/791/958 907/761/930
f 895/764/933 896/792/959 912/793/960 911/765/934
f 899/749/919 900/794/961 898/795/962 897/750/920
f 903/745/915 904/796/963 902/797/964 901/746/916
f 905/756/926 906/798/965 904/796/963 903/745/915
f 907/761/930 908/791/958 900/794/961 899/749/919
f 901/746/916 902/797/964 910/799/966 909/762/931
f 896/792/959 895/764/933 897/750/920 898/795/962
f 906/798/965 905/756/926 911/800/934 912/801/960
f 905/756/926 1160/755/925 1131/802/935 911/800/934
f 1144/803/967 1139/804/968 887/739/909 886/775/943
f 1152/753/923 1163/805/969 913/740/910 885/743/913
f 1164/806/970 915/789/956 907/761/930 1143/760/929
f 1167/807/971 953/808/972 954/809/973 1171/810/974
f 1155/811/975 1148/752/922 882/754/924 881/732/902
f 1163/805/969 1144/803/967 886/775/943 913/740/910
f 1139/804/968 1135/812/976 888/736/906 887/739/909
f 889/735/905 884/759/896 1132/813/895 1159/814/977
f 1159/814/977 1155/811/975 881/732/902 889/735/905
f 1135/812/976 1128/724/894 883/727/897 888/736/906
f 909/762/931 910/799/966 916/790/957 915/789/956
f 1119/815/978 989/816/979 988/784/952 1115/783/951
f 909/762/931 915/789/956 1164/806/970 1151/763/932
f 1044/817/980 921/778/946 920/777/945 1047/818/981
f 1040/819/982 924/787/955 926/782/950 1043/820/983
f 991/821/984 1025/822/985 1026/823/986 990/824/987
f 1047/818/981 920/777/945 924/787/955 1040/819/982
f 1051/825/988 917/770/938 925/769/937 1054/826/989
f 1052/827/990 922/779/947 921/778/946 1044/817/980
f 1054/828/989 925/788/937 922/779/947 1052/827/990
f 1036/829/991 923/730/900 919/729/899 1039/830/992
f 1043/820/983 926/782/950 923/730/900 1036/829/991
f 1048/831/993 918/780/948 917/770/938 1051/825/988
f 1038/832/994 1049/833/995 928/834/996 929/835/997
f 1050/836/998 1055/837/999 935/838/1000 927/839/1001
f 931/840/1002 930/841/1003 940/842/1004 941/843/1005
f 928/834/996 927/839/1001 937/844/1006 938/845/1007
f 930/841/1003 934/846/1008 944/847/1009 940/842/1004
f 932/848/1010 931/840/1002 941/843/1005 942/849/1011
f 929/835/997 928/834/996 938/845/1007 939/850/1012
f 935/851/1000 932/848/1010 942/849/1011 945/852/1013
f 927/839/1001 935/838/1000 945/853/1013 937/844/1006
f 933/854/1014 929/835/997 939/850/1012 943/855/1015
f 936/856/1016 948/857/1017 947/858/1018 934/846/1008
f 933/854/1014 943/855/1015 949/859/1019 946/860/1020
f 934/846/1008 947/858/1018 950/861/1021 944/847/1009
f 933/854/1014 946/860/1020 948/857/1017 936/856/1016
f 965/862/1022 1168/863/1023 1172/864/1024 981/865/1025
f 1122/866/1026 993/867/1027 989/816/979 1119/815/978
f 959/868/1028 962/869/1029 961/870/1030 951/871/1031
f 1111/872/1032 1110/786/954 987/785/953 995/873/1033 964/874/1034
f 955/875/1035 963/876/1036 984/877/1037 983/878/1038
f 1203/879/1039 1184/880/1040 977/881/1041 985/882/1042
f 1179/883/1043 1175/884/1044 967/885/1045 969/886/1046
f 1188/887/1047 1192/888/1048 979/889/1049 971/890/1050
f 1199/891/1051 1195/892/1052 973/893/1053 975/894/1054
f 952/895/1055 960/896/1056 963/876/1036 955/875/1035
f 954/897/973 964/898/1034 962/869/1029 959/868/1028
f 1184/880/1040 1179/883/1043 969/886/1046 977/881/1041
f 1196/899/1057 951/871/1031 952/895/1055 1187/900/1058
f 1176/901/1059 958/902/1060 953/808/972 1167/807/971
f 951/871/1031 961/870/1030 960/896/1056 952/895/1055
f 953/808/972 1109/903/1061 1111/872/1032 964/874/1034 954/809/973
f 953/808/972 958/902/1060 1114/904/1062 1109/903/1061
f 956/905/1063 1123/906/1064 1118/907/1065 957/908/1066
f 956/905/1063 983/878/1038 984/877/1037 1124/909/1067 1123/906/1064
f 961/870/1030 991/821/984 990/824/987 960/896/1056
f 962/869/1029 992/910/1068 991/821/984 961/870/1030
f 957/908/1066 1118/907/1065 1114/904/1062 958/902/1060
f 984/877/1037 996/911/1069 993/867/1027 1122/866/1026 1124/909/1067
f 960/896/1056 990/824/987 994/912/1070 963/876/1036
f 964/898/1034 995/913/1033 992/910/1068 962/869/1029
f 963/876/1036 994/912/1070 996/911/1069 984/877/1037
f 985/882/1042 977/881/1041 978/914/1071 986/915/1072
f 965/862/1022 981/865/1025 982/916/1073 966/917/1074
f 969/886/1046 967/885/1045 968/918/1075 970/919/1076
f 973/893/1053 971/890/1050 972/920/1077 974/921/1078
f 975/894/1054 973/893/1053 974/921/1078 976/922/1079
f 977/881/1041 969/886/1046 970/919/1076 978/914/1071
f 971/890/1050 979/889/1049 980/923/1080 972/920/1077
f 966/917/1074 968/918/1075 967/885/1045 965/862/1022
f 976/922/1079 982/924/1073 981/925/1025 975/894/1054
f 975/894/1054 981/925/1025 1172/926/1024 1199/891/1051
f 1183/927/1081 956/905/1063 957/908/1066 1180/928/1082
f 1195/892/1052 1188/887/1047 971/890/1050 973/893/1053
f 1204/929/1083 983/878/1038 956/905/1063 1183/927/1081
f 1191/930/1084 955/875/1035 983/878/1038 1204/929/1083
f 1187/900/1058 952/895/1055 955/875/1035 1191/930/1084
f 1180/928/1082 957/908/1066 958/902/1060 1176/901/1059
f 1175/884/1044 1168/863/1023 965/862/1022 967/885/1045
f 1200/931/1085 959/868/1028 951/871/1031 1196/899/1057
f 959/868/1028 1200/931/1085 1171/932/974 954/897/973
f 979/889/1049 985/882/1042 986/915/1072 980/923/1080
f 979/889/1049 1192/888/1048 1203/879/1039 985/882/1042
f 994/912/1070 1021/933/1086 1022/934/1087 996/911/1069
f 990/824/987 1026/823/986 1021/933/1086 994/912/1070
f 987/785/953 1030/935/1088 1035/936/1089 995/873/1033
f 995/913/1033 1035/937/1089 1033/938/1090 992/910/1068
f 993/867/1027 1017/939/1091 1018/940/1092 989/816/979
f 996/911/1069 1022/934/1087 1017/939/1091 993/867/1027
f 989/816/979 1018/940/1092 1029/941/1093 988/784/952
f 1023/942/1094 1006/943/1095 1003/944/1096 1016/945/1097
f 1027/946/1098 1000/947/1099 1004/948/1100 1020/949/1101
f 1019/950/1102 999/951/1103 998/952/1104 1028/953/1105
f 1032/954/1106 1002/955/1107 1001/956/1108 1024/957/1109
f 1031/958/1110 997/959/1111 1005/960/1112 1034/961/1113
f 992/910/1068 1033/938/1090 1025/822/985 991/821/984
f 1001/956/1108 1011/962/1114 1010/963/1115 1000/947/1099
f 998/952/1104 1008/964/1116 1007/965/1117 997/959/1111
f 1000/947/1099 1010/963/1115 1014/966/1118 1004/948/1100
f 1002/955/1107 1012/967/1119 1011/962/1114 1001/956/1108
f 999/951/1103 1009/968/1120 1008/964/1116 998/952/1104
f 1005/969/1112 1015/970/1121 1012/967/1119 1002/955/1107
f 997/959/1111 1007/965/1117 1015/971/1121 1005/960/1112
f 1003/944/1096 1013/972/1122 1009/968/1120 999/951/1103
f 1006/943/1095 1004/948/1100 947/858/1018 948/857/1017
f 1003/944/1096 946/860/1020 949/859/1019 1013/972/1122
f 1004/948/1100 1014/966/1118 950/861/1021 947/858/1018
f 1003/944/1096 1006/943/1095 948/857/1017 946/860/1020
f 1034/973/1113 1005/969/1112 1002/955/1107 1032/954/1106
f 1024/957/1109 1001/956/1108 1000/947/1099 1027/946/1098
f 1020/949/1101 1004/948/1100 1006/943/1095 1023/942/1094
f 1028/953/1105 998/952/1104 997/959/1111 1031/958/1110
f 1016/945/1097 1003/944/1096 999/951/1103 1019/950/1102
f 1039/830/992 919/729/899 918/780/948 1048/831/993
f 1055/974/999 1053/975/1123 932/848/1010 935/851/1000
f 1045/976/1124 1046/977/1125 930/841/1003 931/840/1002
f 1041/978/1126 1042/979/1127 936/856/1016 934/846/1008
f 1049/833/995 1050/836/998 927/839/1001 928/834/996
f 1053/975/1123 1045/976/1124 931/840/1002 932/848/1010
f 1037/980/1128 1038/832/994 929/835/997 933/854/1014
f 1046/977/1125 1041/978/1126 934/846/1008 930/841/1003
f 1042/979/1127 1037/980/1128 933/854/1014 936/856/1016
f 1032/954/1106 1033/938/1090 1035/937/1089 1034/973/1113
f 1028/953/1105 1029/941/1093 1018/940/1092 1019/950/1102
f 1024/957/1109 1025/822/985 1033/938/1090 1032/954/1106
f 1020/949/1101 1021/933/1086 1026/823/986 1027/946/1098
f 1031/958/1110 1030/935/1088 1029/941/1093 1028/953/1105
f 1027/946/1098 1026/823/986 1025/822/985 1024/957/1109
f 1016/945/1097 1017/939/1091 1022/934/1087 1023/942/1094
f 1023/942/1094 1022/934/1087 1021/933/1086 1020/949/1101
f 1019/950/1102 1018/940/1092 1017/939/1091 1016/945/1097
f 1050/836/998 1051/825/988 1054/826/989 1055/837/999
f 1055/974/999 1054/828/989 1052/827/990 1053/975/1123
f 1038/832/994 1039/830/992 1048/831/993 1049/833/995
f 1053/975/1123 1052/827/990 1044/817/980 1045/976/1124
f 1046/977/1125 1047/818/981 1040/819/982 1041/978/1126
f 1049/833/995 1048/831/993 1051/825/988 1050/836/998
f 1045/976/1124 1044/817/980 1047/818/981 1046/977/1125
f 1042/979/1127 1043/820/983 1036/829/991 1037/980/1128
f 1041/978/1126 1040/819/982 1043/820/983 1042/979/1127
f 1037/980/1128 1036/829/991 1039/830/992 1038/832/994
f 988/784/952 1029/941/1093 1030/935/1088 987/785/953
f 1034/961/1113 1035/936/1089 1030/935/1088 1031/958/1110
f 1065/981/1129 1090/982/1130 1081/983/1131 1079/984/1132
f 1058/985/1133 1084/986/1134 1085/987/1135 1059/988/1136
f 1064/989/1137 1078/990/1138 1086/991/1139 1066/992/1140
f 1065/981/1129 1079/984/1132 1078/990/1138 1064/989/1137
f 1061/993/1141 1080/994/1142 1082/995/1143 1056/996/1144
f 1062/997/1145 1076/998/1146 1080/994/1142 1061/993/1141
f 1066/992/1140 1086/991/1139 1077/999/1147 1063/1000/1148
f 1057/1001/1149 1083/1002/1150 1089/1003/1151 1060/1004/1152
f 1056/996/1144 1082/995/1143 1083/1002/1150 1057/1001/1149
f 1060/1004/1152 1089/1003/1151 1084/986/1134 1058/985/1133
f 1067/1005/1153 1076/998/1146 1077/999/1147 1068/1006/1154
f 1087/1007/1155 1086/991/1139 1078/990/1138 1069/1008/1156
f 1079/984/1132 1070/1009/1157 1069/1008/1156 1078/990/1138
f 1071/1010/1158 1072/1011/1159 1082/995/1143 1080/994/1142
f 1071/1010/1158 1080/994/1142 1076/998/1146 1067/1005/1153
f 1085/987/1135 1084/986/1134 1074/1012/1160 1075/1013/1161
f 1088/1014/1162 1074/1012/1160 1084/986/1134 1089/1003/1151
f 1072/1011/1159 1073/1015/1163 1083/1002/1150 1082/995/1143
f 1073/1015/1163 1088/1014/1162 1089/1003/1151 1083/1002/1150
f 1068/1006/1154 1077/999/1147 1086/991/1139 1087/1007/1155
f 1063/1000/1148 1077/999/1147 1076/998/1146 1062/997/1145
f 1081/1016/1131 1090/1017/1130 1059/988/1136 1085/987/1135
f 1096/781/949 918/780/948 919/729/899 1100/728/898
f 1091/771/939 1094/1018/1164 1093/772/940
f 1094/1018/1164 1095/1019/1165 1093/772/940
f 1095/1019/1165 1092/773/941 1093/772/940
f 1104/774/942 1107/1020/1166 1106/776/944
f 1107/1020/1166 1108/1021/1167 1106/776/944
f 1108/1021/1167 1105/731/901 1106/776/944
f 1109/903/1061 1112/1022/1168 1111/872/1032
f 1112/1022/1168 1113/1023/1169 1111/872/1032
f 1113/1023/1169 1110/786/954 1111/872/1032
f 1122/866/1026 1125/1024/1170 1124/909/1067
f 1125/1024/1170 1126/1025/1171 1124/909/1067
f 1126/1025/1171 1123/906/1064 1124/909/1067
f 1091/771/939 1096/781/949 1098/1026/1172 1094/1018/1164
f 1094/1018/1164 1098/1026/1172 1099/1027/1173 1095/1019/1165
f 1095/1019/1165 1099/1027/1173 1097/737/907 1092/773/941
f 1096/781/949 1100/728/898 1102/1028/1174 1098/1026/1172
f 1098/1026/1172 1102/1028/1174 1103/1029/1175 1099/1027/1173
f 1099/1027/1173 1103/1029/1175 1101/738/908 1097/737/907
f 1100/728/898 1105/731/901 1108/1021/1167 1102/1028/1174
f 1102/1028/1174 1108/1021/1167 1107/1020/1166 1103/1029/1175
f 1103/1029/1175 1107/1020/1166 1104/774/942 1101/738/908
f 1115/783/951 1110/786/954 1113/1023/1169 1117/1030/1176
f 1117/1030/1176 1113/1023/1169 1112/1022/1168 1116/1031/1177
f 1116/1031/1177 1112/1022/1168 1109/903/1061 1114/904/1062
f 1119/815/978 1115/783/951 1117/1030/1176 1121/1032/1178
f 1121/1032/1178 1117/1030/1176 1116/1031/1177 1120/1033/1179
f 1120/1033/1179 1116/1031/1177 1114/904/1062 1118/907/1065
f 1122/866/1026 1119/815/978 1121/1032/1178 1125/1024/1170
f 1125/1024/1170 1121/1032/1178 1120/1033/1179 1126/1025/1171
f 1126/1025/1171 1120/1033/1179 1118/907/1065 1123/906/1064
f 888/736/906 883/727/897 1092/773/941 1097/737/907
f 1136/751/921 1127/767/936 1129/1034/1180 1138/1035/1181
f 1138/1035/1181 1129/1034/1180 1130/1036/1182 1137/1037/1183
f 1137/1037/1183 1130/1036/1182 1128/724/894 1135/812/976
f 1164/806/970 1143/760/929 1145/1038/1184 1166/1039/1185
f 1166/1039/1185 1145/1038/1184 1146/1040/1186 1165/1041/1187
f 1165/1041/1187 1146/1040/1186 1144/803/967 1163/805/969
f 1140/748/918 1136/751/921 1138/1035/1181 1142/1042/1188
f 1142/1042/1188 1138/1035/1181 1137/1037/1183 1141/1043/1189
f 1141/1043/1189 1137/1037/1183 1135/812/976 1139/804/968
f 1156/744/914 1147/747/917 1149/1044/1190 1158/1045/1191
f 1158/1045/1191 1149/1044/1190 1150/1046/1192 1157/1047/1193
f 1157/1047/1193 1150/1046/1192 1148/752/922 1155/811/975
f 1160/755/925 1156/744/914 1158/1045/1191 1162/1048/1194
f 1162/1048/1194 1158/1045/1191 1157/1047/1193 1161/1049/1195
f 1161/1049/1195 1157/1047/1193 1155/811/975 1159/814/977
f 1143/760/929 1140/748/918 1142/1042/1188 1145/1038/1184
f 1145/1038/1184 1142/1042/1188 1141/1043/1189 1146/1040/1186
f 1146/1040/1186 1141/1043/1189 1139/804/968 1144/803/967
f 1147/747/917 1151/763/932 1153/1050/1196 1149/1044/1190
f 1149/1044/1190 1153/1050/1196 1154/1051/1197 1150/1046/1192
f 1150/1046/1192 1154/1051/1197 1152/753/923 1148/752/922
f 1127/767/936 1131/766/935 1133/1052/1198 1129/1034/1180
f 1129/1034/1180 1133/1052/1198 1134/1053/1199 1130/1036/1182
f 1130/1036/1182 1134/1053/1199 1132/725/895 1128/724/894
f 1131/802/935 1160/755/925 1162/1048/1194 1133/1054/1198
f 1133/1054/1198 1162/1048/1194 1161/1049/1195 1134/1055/1199
f 1134/1055/1199 1161/1049/1195 1159/814/977 1132/813/895
f 1163/805/969 1152/753/923 1154/1051/1197 1165/1041/1187
f 1165/1041/1187 1154/1051/1197 1153/1050/1196 1166/1039/1185
f 1166/1039/1185 1153/1050/1196 1151/763/932 1164/806/970
f 1168/863/1023 1175/884/1044 1177/1056/1200 1170/1057/1201
f 1170/1057/1201 1177/1056/1200 1178/1058/1202 1169/1059/1203
f 1169/1059/1203 1178/1058/1202 1176/901/1059 1167/807/971
f 1184/880/1040 1203/879/1039 1205/1060/1204 1186/1061/1205
f 1186/1061/1205 1205/1060/1204 1206/1062/1206 1185/1063/1207
f 1185/1063/1207 1206/1062/1206 1204/929/1083 1183/927/1081
f 1175/884/1044 1179/883/1043 1181/1064/1208 1177/1056/1200
f 1177/1056/1200 1181/1064/1208 1182/1065/1209 1178/1058/1202
f 1178/1058/1202 1182/1065/1209 1180/928/1082 1176/901/1059
f 1188/887/1047 1195/892/1052 1197/1066/1210 1190/1067/1211
f 1190/1067/1211 1197/1066/1210 1198/1068/1212 1189/1069/1213
f 1189/1069/1213 1198/1068/1212 1196/899/1057 1187/900/1058
f 1195/892/1052 1199/891/1051 1201/1070/1214 1197/1066/1210
f 1197/1066/1210 1201/1070/1214 1202/1071/1215 1198/1068/1212
f 1198/1068/1212 1202/1071/1215 1200/931/1085 1196/899/1057
f 1179/883/1043 1184/880/1040 1186/1061/1205 1181/1064/1208
f 1181/1064/1208 1186/1061/1205 1185/1063/1207 1182/1065/1209
f 1182/1065/1209 1185/1063/1207 1183/927/1081 1180/928/1082
f 1192/888/1048 1188/887/1047 1190/1067/1211 1194/1072/1216
f 1194/1072/1216 1190/1067/1211 1189/1069/1213 1193/1073/1217
f 1193/1073/1217 1189/1069/1213 1187/900/1058 1191/930/1084
f 1172/864/1024 1168/863/1023 1170/1057/1201 1174/1074/1218
f 1174/1074/1218 1170/1057/1201 1169/1059/1203 1173/1075/1219
f 1173/1075/1219 1169/1059/1203 1167/807/971 1171/810/974
f 1199/891/1051 1172/926/1024 1174/1076/1218 1201/1070/1214
f 1201/1070/1214 1174/1076/1218 1173/1077/1219 1202/1071/1215
f 1202/1071/1215 1173/1077/1219 1171/932/974 1200/931/1085
f 1191/930/1084 1204/929/1083 1206/1062/1206 1193/1073/1217
f 1193/1073/1217 1206/1062/1206 1205/1060/1204 1194/1072/1216
f 1194/1072/1216 1205/1060/1204 1203/879/1039 1192/888/1048
f 1136/751/921 897/750/920 895/764/933 1127/767/936
f 1211/1078/1220 1212/1079/1221 1259/1080/1222 1257/1081/1223
f 1216/1082/1017 1217/1083/1017 1331/1084/1017 1333/1085/1017
f 1212/1079/1221 1216/1086/1017 1333/1087/1017 1337/1088/1224
f 1217/1083/1017 1218/1089/1225 1327/1090/1226 1331/1084/1017
f 1336/1091/1227 1334/1092/1017 1209/1093/1228 1210/1094/1229
f 1213/1095/1230 1218/1089/1225 1217/1083/1017 1214/1096/1231
f 1217/1083/1017 1216/1082/1017 1215/1097/1232 1214/1096/1231
f 1233/1098/1233 1264/1099/1234 1275/1100/1235 1238/1101/1236
f 1227/1102/1237 1251/1103/1238 1254/1104/1239 1223/1105/1240
f 1229/1106/1017 1309/1107/1017 1303/1108/1241 1230/1109/1242
f 1249/1110/1243 1349/1111/1244 1343/1112/1245 1250/1113/1246
f 1214/1096/1231 1261/1114/1247 1260/1115/1248 1213/1095/1230
f 1315/1116/1017 1221/1117/1249 1220/1118/1250 1310/1119/1017
f 1236/1120/1251 1271/1121/1252 1263/1122/1253 1252/1123/1254
f 1232/1124/1255 1273/1125/1256 1266/1126/1257 1231/1127/1258
f 1303/1108/1241 1307/1128/1259 1258/1129/1260 1230/1109/1242
f 1222/1130/1261 1279/1131/1262 1283/1132/1263 1221/1133/1249
f 1310/1119/1017 1220/1118/1250 1219/1134/1264 1304/1135/1265
f 1224/1136/1266 1255/1137/1267 1318/1138/1268 1313/1139/1269
f 1215/1097/1232 1256/1140/1270 1261/1114/1247 1214/1096/1231
f 1230/1109/1242 1258/1129/1260 1253/1141/1271 1225/1142/1272
f 1208/1143/1273 1298/1144/1274 1294/1145/1275 1209/1146/1228
f 1210/1094/1229 1292/1147/1276 1293/1148/1277 1291/1149/1278 1346/1150/1279 1336/1091/1227
f 1225/1142/1272 1253/1141/1271 1237/1151/1280 1226/1152/1281
f 1228/1153/1017 1316/1154/1017 1309/1107/1017 1229/1106/1017
f 1211/1078/1220 1257/1081/1223 1256/1155/1270 1215/1156/1232
f 1221/1117/1249 1283/1157/1263 1286/1158/1282 1220/1118/1250
f 1259/1080/1222 1345/1159/1283 1349/1160/1244 1249/1161/1243
f 1216/1086/1017 1212/1079/1221 1211/1078/1220 1215/1156/1232
f 1226/1152/1281 1237/1151/1280 1251/1162/1238 1227/1163/1237
f 1225/1142/1272 1226/1152/1281 1229/1106/1017 1230/1109/1242
f 1229/1106/1017 1226/1152/1281 1227/1163/1237 1228/1153/1017
f 1252/1123/1254 1263/1122/1253 1265/1164/1284 1235/1165/1285
f 1207/1166/1286 1300/1167/1287 1298/1144/1274 1208/1143/1273
f 1243/1168/1288 1268/1169/1289 1270/1170/1290 1244/1171/1291
f 1224/1136/1266 1313/1139/1269 1316/1172/1017 1228/1173/1017
f 1228/1173/1017 1227/1102/1237 1223/1105/1240 1224/1136/1266
f 1220/1118/1250 1286/1158/1282 1289/1174/1292 1219/1134/1264
f 1223/1105/1240 1254/1104/1239 1255/1137/1267 1224/1136/1266
f 1218/1089/1225 1262/1175/1293 1339/1176/1294 1327/1090/1226
f 1241/1177/1295 1269/1178/1296 1267/1179/1297 1239/1180/1298
f 1213/1095/1230 1260/1115/1248 1262/1175/1293 1218/1089/1225
f 1233/1098/1233 1247/1181/1299 1248/1182/1300 1231/1183/1258
f 1239/1180/1298 1249/1110/1243 1250/1113/1246 1241/1177/1295
f 1235/1165/1285 1251/1162/1238 1237/1151/1280 1252/1123/1254
f 1252/1123/1254 1237/1151/1280 1253/1141/1271 1236/1120/1251
f 1232/1124/1255 1255/1137/1267 1254/1104/1239 1234/1184/1301
f 1243/1185/1288 1256/1155/1270 1257/1081/1223 1242/1186/1302
f 1236/1120/1251 1253/1141/1271 1258/1129/1260 1238/1101/1236
f 1240/1187/1303 1259/1080/1222 1249/1161/1243 1239/1188/1298
f 1245/1189/1304 1260/1115/1248 1261/1114/1247 1244/1171/1291
f 1244/1171/1291 1261/1114/1247 1256/1140/1270 1243/1168/1288
f 1231/1127/1258 1248/1190/1300 1255/1137/1267 1232/1124/1255
f 1238/1101/1236 1258/1129/1260 1247/1181/1299 1233/1098/1233
f 1242/1186/1302 1257/1081/1223 1259/1080/1222 1240/1187/1303
f 1234/1184/1301 1254/1104/1239 1251/1103/1238 1235/1191/1285
f 1246/1192/1305 1262/1175/1293 1260/1115/1248 1245/1189/1304
f 1241/1177/1295 1250/1113/1246 1262/1175/1293 1246/1192/1305
f 1267/1193/1297 1268/1194/1289 1274/1195/1306 1276/1196/1307
f 1264/1099/1234 1266/1197/1257 1265/1164/1284 1263/1122/1253
f 1271/1121/1252 1275/1100/1235 1264/1099/1234 1263/1122/1253
f 1269/1178/1296 1270/1170/1290 1268/1169/1289 1267/1179/1297
f 1266/1126/1257 1273/1125/1256 1272/1198/1308 1265/1199/1284
f 1277/1200/1309 1270/1170/1290 1269/1178/1296 1278/1201/1310
f 1234/1184/1301 1272/1198/1308 1273/1125/1256 1232/1124/1255
f 1240/1187/1303 1276/1196/1307 1274/1195/1306 1242/1186/1302
f 1242/1186/1302 1274/1195/1306 1268/1194/1289 1243/1185/1288
f 1235/1191/1285 1265/1199/1284 1272/1198/1308 1234/1184/1301
f 1238/1101/1236 1275/1100/1235 1271/1121/1252 1236/1120/1251
f 1245/1189/1304 1277/1200/1309 1278/1201/1310 1246/1192/1305
f 1239/1188/1298 1267/1193/1297 1276/1196/1307 1240/1187/1303
f 1231/1183/1258 1266/1197/1257 1264/1099/1234 1233/1098/1233
f 1246/1192/1305 1278/1201/1310 1269/1178/1296 1241/1177/1295
f 1244/1171/1291 1270/1170/1290 1277/1200/1309 1245/1189/1304
f 1325/1202/1311 1306/1203/1312 1288/1204/1313 1285/1205/1314
f 1319/1206/1315 1321/1207/1316 1282/1208/1317 1280/1209/1318
f 1312/1210/1319 1319/1206/1315 1280/1209/1318 1281/1211/1320 1279/1131/1262 1222/1130/1261
f 1312/1210/1319 1222/1130/1261 1221/1133/1249 1315/1212/1017
f 1255/1137/1267 1248/1190/1300 1322/1213/1321 1318/1138/1268
f 1247/1181/1299 1258/1129/1260 1307/1128/1259 1324/1214/1322
f 1321/1215/1316 1325/1202/1311 1285/1205/1314 1282/1216/1317
f 1250/1113/1246 1343/1112/1245 1339/1176/1294 1262/1175/1293
f 1342/1217/1323 1297/1218/1324 1301/1219/1325 1340/1220/1326
f 1348/1221/1327 1295/1222/1328 1297/1218/1324 1342/1217/1323
f 1209/1093/1228 1294/1223/1275 1292/1147/1276 1210/1094/1229
f 1346/1150/1279 1291/1149/1278 1295/1224/1328 1348/1225/1327
f 1334/1226/1017 1330/1227/1017 1208/1143/1273 1209/1146/1228
f 1330/1227/1017 1328/1228/1329 1207/1166/1286 1208/1143/1273
f 1337/1088/1224 1345/1159/1283 1259/1080/1222 1212/1079/1221
f 1328/1228/1329 1340/1220/1326 1301/1219/1325 1302/1229/1330 1300/1167/1287 1207/1166/1286
f 1295/1222/1328 1296/1230/1331 1299/1231/1332 1297/1218/1324
f 1296/1230/1331 1294/1145/1275 1298/1144/1274 1299/1231/1332
f 1286/1158/1282 1287/1232/1333 1290/1233/1334 1289/1174/1292
f 1287/1232/1333 1285/1205/1314 1288/1204/1313 1290/1233/1334
f 1294/1223/1275 1296/1234/1331 1293/1148/1277 1292/1147/1276
f 1296/1234/1331 1295/1224/1328 1291/1149/1278 1293/1148/1277
f 1285/1205/1314 1287/1232/1333 1284/1235/1335 1282/1216/1317
f 1287/1232/1333 1286/1158/1282 1283/1157/1263 1284/1235/1335
f 1300/1167/1287 1302/1229/1330 1299/1231/1332 1298/1144/1274
f 1302/1229/1330 1301/1219/1325 1297/1218/1324 1299/1231/1332
f 1279/1131/1262 1281/1211/1320 1284/1236/1335 1283/1132/1263
f 1281/1211/1320 1280/1209/1318 1282/1208/1317 1284/1236/1335
f 1248/1182/1300 1247/1181/1299 1324/1214/1322 1322/1237/1321
f 1325/1202/1311 1326/1238/1336 1308/1239/1337 1306/1203/1312
f 1326/1238/1336 1324/1214/1322 1307/1128/1259 1308/1239/1337
f 1319/1206/1315 1320/1240/1338 1323/1241/1339 1321/1207/1316
f 1320/1240/1338 1318/1138/1268 1322/1213/1321 1323/1241/1339
f 1310/1119/1017 1311/1242/1017 1317/1243/1017 1315/1116/1017
f 1311/1242/1017 1309/1107/1017 1316/1154/1017 1317/1243/1017
f 1315/1212/1017 1317/1244/1017 1314/1245/1340 1312/1210/1319
f 1317/1244/1017 1316/1172/1017 1313/1139/1269 1314/1245/1340
f 1312/1210/1319 1314/1245/1340 1320/1240/1338 1319/1206/1315
f 1314/1245/1340 1313/1139/1269 1318/1138/1268 1320/1240/1338
f 1304/1135/1265 1305/1246/1341 1311/1242/1017 1310/1119/1017
f 1305/1246/1341 1303/1108/1241 1309/1107/1017 1311/1242/1017
f 1321/1215/1316 1323/1247/1339 1326/1238/1336 1325/1202/1311
f 1323/1247/1339 1322/1237/1321 1324/1214/1322 1326/1238/1336
f 1303/1108/1241 1305/1246/1341 1308/1239/1337 1307/1128/1259
f 1305/1246/1341 1304/1135/1265 1306/1203/1312 1308/1239/1337
f 1340/1220/1326 1341/1248/1342 1344/1249/1343 1342/1217/1323
f 1341/1248/1342 1339/1176/1294 1343/1112/1245 1344/1249/1343
f 1342/1217/1323 1344/1249/1343 1350/1250/1344 1348/1221/1327
f 1344/1249/1343 1343/1112/1245 1349/1111/1244 1350/1250/1344
f 1337/1088/1224 1338/1251/1345 1347/1252/1346 1345/1159/1283
f 1338/1251/1345 1336/1091/1227 1346/1150/1279 1347/1252/1346
f 1348/1225/1327 1350/1253/1344 1347/1252/1346 1346/1150/1279
f 1350/1253/1344 1349/1160/1244 1345/1159/1283 1347/1252/1346
f 1334/1226/1017 1335/1254/1017 1332/1255/1017 1330/1227/1017
f 1335/1254/1017 1333/1085/1017 1331/1084/1017 1332/1255/1017
f 1328/1228/1329 1329/1256/1347 1341/1248/1342 1340/1220/1326
f 1329/1256/1347 1327/1090/1226 1339/1176/1294 1341/1248/1342
f 1336/1091/1227 1338/1251/1345 1335/1257/1017 1334/1092/1017
f 1338/1251/1345 1337/1088/1224 1333/1087/1017 1335/1257/1017
f 1330/1227/1017 1332/1255/1017 1329/1256/1347 1328/1228/1329
f 1332/1255/1017 1331/1084/1017 1327/1090/1226 1329/1256/1347
f 1219/1134/1264 1289/1174/1292 1290/1233/1334 1288/1204/1313 1306/1203/1312 1304/1135/1265
f 1081/983/1131 1351/1258/1348 1070/1009/1157 1079/984/1132
f 1075/1013/1161 1351/1259/1348 1081/1016/1131 1085/987/1135
